meterID,customerID,installDate,status
M00001,C0607,2022-06-08,Active
M00002,C0517,2018-12-15,Active
M00003,C0425,2017-06-27,Active
M00004,C2408,2018-03-28,Faulty
M00005,C2061,2023-11-28,Faulty
M00006,C0690,2025-05-30,Inactive
M00007,C0765,2017-04-12,Inactive
M00008,C0603,2019-07-24,Faulty
M00009,C1416,2016-11-14,Inactive
M00010,C1679,2017-03-11,Faulty
M00011,C2211,2024-02-09,Active
M00012,C1779,2023-12-25,Inactive
M00013,C0991,2023-02-21,Inactive
M00014,C1753,2016-10-25,Active
M00015,C0911,2017-06-21,Inactive
M00016,C2132,2018-01-13,Faulty
M00017,C1395,2021-07-15,Inactive
M00018,C0015,2022-04-05,Active
M00019,C0247,2024-06-28,Inactive
M00020,C2269,2024-06-26,Inactive
M00021,C2314,2024-04-09,Inactive
M00022,C2474,2017-02-17,Faulty
M00023,C0867,2023-04-10,Inactive
M00024,C0854,2018-05-11,Active
M00025,C1255,2023-05-05,Inactive
M00026,C2482,2017-01-29,Faulty
M00027,C0217,2021-03-07,Active
M00028,C0710,2020-08-25,Faulty
M00029,C0197,2021-04-20,Inactive
M00030,C1807,2023-09-28,Inactive
M00031,C1850,2019-03-28,Faulty
M00032,C2497,2015-10-12,Active
M00033,C0610,2022-06-21,Active
M00034,C1078,2020-12-18,Inactive
M00035,C1097,2022-11-22,Faulty
M00036,C1139,2016-12-25,Faulty
M00037,C1009,2020-07-06,Inactive
M00038,C1669,2025-06-13,Faulty
M00039,C1405,2016-03-13,Faulty
M00040,C2457,2016-10-01,Faulty
M00041,C2290,2020-04-18,Active
M00042,C0870,2018-05-17,Faulty
M00043,C2032,2018-01-13,Active
M00044,C0402,2017-05-28,Faulty
M00045,C0288,2025-04-12,Faulty
M00046,C1952,2018-09-28,Faulty
M00047,C1769,2024-11-18,Active
M00048,C0555,2017-02-25,Inactive
M00049,C2163,2023-08-08,Inactive
M00050,C2046,2021-04-04,Faulty
M00051,C2399,2021-11-11,Inactive
M00052,C0471,2021-12-28,Faulty
M00053,C1158,2018-10-30,Faulty
M00054,C0936,2018-10-19,Active
M00055,C2025,2016-11-11,Active
M00056,C0295,2016-04-18,Active
M00057,C1294,2016-09-01,Faulty
M00058,C1208,2017-05-10,Inactive
M00059,C0416,2023-06-18,Active
M00060,C1351,2017-07-30,Active
M00061,C0102,2021-05-07,Inactive
M00062,C0424,2025-02-22,Inactive
M00063,C0229,2022-08-12,Faulty
M00064,C1077,2020-03-21,Inactive
M00065,C2043,2022-06-19,Inactive
M00066,C2243,2018-07-18,Faulty
M00067,C0448,2017-04-27,Faulty
M00068,C0091,2016-01-18,Inactive
M00069,C2169,2016-03-19,Faulty
M00070,C1922,2022-05-30,Active
M00071,C1078,2020-02-07,Faulty
M00072,C1090,2018-07-24,Inactive
M00073,C0974,2022-10-23,Inactive
M00074,C1199,2018-09-26,Faulty
M00075,C1889,2020-08-15,Active
M00076,C1555,2019-02-19,Faulty
M00077,C2104,2025-05-05,Faulty
M00078,C1157,2019-09-11,Faulty
M00079,C1684,2023-07-07,Faulty
M00080,C2237,2016-11-06,Inactive
M00081,C0972,2021-11-06,Active
M00082,C2128,2023-06-02,Active
M00083,C1142,2017-06-06,Faulty
M00084,C1149,2019-12-29,Inactive
M00085,C0014,2016-12-16,Active
M00086,C1895,2025-02-17,Inactive
M00087,C0009,2017-04-08,Faulty
M00088,C1319,2019-07-19,Faulty
M00089,C2120,2015-07-19,Active
M00090,C0881,2016-05-10,Active
M00091,C1535,2018-10-08,Faulty
M00092,C0374,2016-11-30,Active
M00093,C0602,2024-09-12,Inactive
M00094,C0557,2019-05-25,Inactive
M00095,C0458,2024-01-09,Active
M00096,C1003,2020-09-15,Faulty
M00097,C0048,2018-11-03,Active
M00098,C1364,2021-07-17,Active
M00099,C1350,2025-05-30,Inactive
M00100,C1292,2017-03-20,Inactive
M00101,C1056,2018-09-11,Faulty
M00102,C1833,2024-07-05,Active
M00103,C0549,2023-03-14,Active
M00104,C0420,2017-02-23,Faulty
M00105,C2364,2016-12-23,Inactive
M00106,C1762,2018-10-22,Inactive
M00107,C1613,2017-09-28,Active
M00108,C0222,2021-12-10,Active
M00109,C1176,2023-11-09,Faulty
M00110,C0903,2021-12-04,Inactive
M00111,C0602,2022-06-27,Faulty
M00112,C0697,2019-11-29,Active
M00113,C2209,2015-09-12,Active
M00114,C1463,2017-06-16,Active
M00115,C0854,2022-10-12,Faulty
M00116,C0246,2020-10-10,Active
M00117,C1142,2024-06-23,Active
M00118,C1484,2018-01-09,Inactive
M00119,C0333,2020-01-14,Inactive
M00120,C1601,2023-12-28,Inactive
M00121,C1780,2022-01-24,Active
M00122,C1524,2024-12-27,Active
M00123,C0988,2022-12-13,Active
M00124,C1047,2022-10-02,Active
M00125,C1965,2018-08-15,Inactive
M00126,C0632,2022-02-17,Faulty
M00127,C2079,2018-09-09,Inactive
M00128,C0887,2016-07-04,Inactive
M00129,C1987,2021-05-04,Inactive
M00130,C0999,2018-08-22,Active
M00131,C0100,2025-04-17,Faulty
M00132,C2426,2023-02-19,Active
M00133,C1311,2021-09-20,Faulty
M00134,C2225,2020-07-17,Inactive
M00135,C1045,2019-12-08,Faulty
M00136,C0090,2022-12-24,Active
M00137,C0127,2018-08-24,Faulty
M00138,C0363,2017-07-04,Inactive
M00139,C0270,2022-06-02,Faulty
M00140,C0075,2015-08-18,Active
M00141,C1148,2018-09-30,Inactive
M00142,C1313,2018-12-14,Inactive
M00143,C0294,2020-06-14,Active
M00144,C1563,2019-08-11,Active
M00145,C0045,2025-04-27,Active
M00146,C2447,2018-10-17,Active
M00147,C0231,2017-01-30,Faulty
M00148,C1397,2019-09-15,Active
M00149,C1784,2018-08-14,Inactive
M00150,C1644,2015-06-25,Inactive
M00151,C2443,2022-01-28,Inactive
M00152,C0135,2021-03-28,Active
M00153,C0917,2023-07-30,Inactive
M00154,C1466,2019-02-15,Active
M00155,C1030,2019-01-26,Active
M00156,C0567,2023-11-26,Inactive
M00157,C0998,2025-05-19,Inactive
M00158,C0812,2019-03-03,Active
M00159,C1277,2019-12-27,Faulty
M00160,C1389,2024-09-17,Inactive
M00161,C0502,2021-12-11,Inactive
M00162,C2307,2019-03-14,Faulty
M00163,C0464,2023-10-30,Inactive
M00164,C0352,2022-09-23,Faulty
M00165,C1250,2024-06-07,Inactive
M00166,C1844,2023-11-08,Inactive
M00167,C0369,2023-07-24,Faulty
M00168,C2122,2023-05-22,Faulty
M00169,C1954,2019-04-26,Active
M00170,C1858,2016-04-17,Inactive
M00171,C0639,2023-04-17,Faulty
M00172,C0544,2022-08-27,Faulty
M00173,C2207,2017-05-06,Inactive
M00174,C0546,2017-09-09,Inactive
M00175,C1917,2022-04-01,Faulty
M00176,C0595,2024-10-06,Active
M00177,C0120,2020-11-16,Inactive
M00178,C1609,2018-05-30,Faulty
M00179,C1061,2024-05-25,Active
M00180,C2414,2019-04-20,Active
M00181,C1552,2017-11-14,Inactive
M00182,C0970,2024-02-22,Inactive
M00183,C1001,2020-05-20,Active
M00184,C1444,2022-09-10,Faulty
M00185,C0809,2022-09-13,Faulty
M00186,C0205,2020-09-12,Active
M00187,C0327,2015-08-28,Active
M00188,C1984,2015-07-11,Inactive
M00189,C1003,2016-01-26,Faulty
M00190,C1425,2021-03-24,Active
M00191,C1646,2024-07-16,Active
M00192,C2433,2021-07-24,Inactive
M00193,C1919,2022-02-18,Inactive
M00194,C1033,2023-01-11,Active
M00195,C0237,2016-05-14,Active
M00196,C0547,2017-05-27,Inactive
M00197,C0594,2021-11-02,Active
M00198,C1536,2018-05-07,Inactive
M00199,C0575,2024-01-20,Active
M00200,C1990,2022-04-24,Inactive
M00201,C1738,2024-01-17,Active
M00202,C1585,2017-05-26,Inactive
M00203,C1011,2024-08-23,Faulty
M00204,C0181,2019-06-20,Inactive
M00205,C1589,2015-10-08,Faulty
M00206,C0122,2016-04-15,Inactive
M00207,C0232,2022-01-30,Active
M00208,C0613,2022-12-10,Active
M00209,C0170,2016-11-05,Active
M00210,C0376,2024-03-04,Faulty
M00211,C2107,2020-09-19,Active
M00212,C0997,2021-05-13,Active
M00213,C2068,2023-04-07,Inactive
M00214,C0238,2016-05-16,Faulty
M00215,C0927,2015-11-01,Active
M00216,C1803,2015-09-17,Faulty
M00217,C1397,2020-03-17,Inactive
M00218,C1881,2019-10-04,Inactive
M00219,C1911,2020-10-29,Inactive
M00220,C0723,2025-06-06,Active
M00221,C1150,2023-10-21,Inactive
M00222,C2129,2024-02-02,Inactive
M00223,C0773,2018-08-24,Faulty
M00224,C2001,2023-06-12,Inactive
M00225,C0041,2022-02-27,Active
M00226,C0769,2021-03-03,Faulty
M00227,C1127,2019-06-22,Faulty
M00228,C1111,2020-06-30,Active
M00229,C2298,2017-07-20,Active
M00230,C2161,2025-06-07,Faulty
M00231,C0952,2021-06-02,Inactive
M00232,C2185,2021-02-08,Active
M00233,C1754,2019-05-13,Inactive
M00234,C1294,2023-04-25,Faulty
M00235,C0700,2024-07-12,Active
M00236,C0273,2021-05-27,Inactive
M00237,C0143,2021-02-16,Active
M00238,C2467,2018-10-05,Faulty
M00239,C1001,2021-06-02,Faulty
M00240,C0234,2016-05-13,Faulty
M00241,C0001,2024-04-26,Active
M00242,C0932,2017-12-10,Active
M00243,C2302,2015-10-08,Active
M00244,C2380,2019-06-25,Inactive
M00245,C1459,2017-07-31,Inactive
M00246,C1690,2022-03-02,Inactive
M00247,C2069,2023-11-21,Inactive
M00248,C0031,2025-01-31,Active
M00249,C2441,2016-01-31,Inactive
M00250,C1528,2024-04-11,Inactive
M00251,C0165,2024-09-24,Active
M00252,C0587,2022-02-16,Active
M00253,C0874,2021-11-02,Active
M00254,C1841,2018-06-19,Faulty
M00255,C0269,2022-01-28,Inactive
M00256,C1005,2017-08-06,Faulty
M00257,C1459,2016-12-31,Faulty
M00258,C1943,2018-12-07,Faulty
M00259,C0642,2018-03-04,Faulty
M00260,C0397,2017-11-24,Active
M00261,C1349,2016-03-17,Faulty
M00262,C0975,2020-12-30,Active
M00263,C0271,2019-07-04,Faulty
M00264,C0860,2020-09-01,Active
M00265,C0613,2021-04-29,Inactive
M00266,C2495,2015-10-04,Faulty
M00267,C1679,2018-07-06,Faulty
M00268,C0538,2021-07-19,Inactive
M00269,C2361,2016-11-18,Faulty
M00270,C2256,2016-05-26,Inactive
M00271,C1586,2021-01-07,Faulty
M00272,C1063,2020-02-19,Active
M00273,C0139,2023-05-12,Faulty
M00274,C2092,2019-04-12,Faulty
M00275,C1244,2022-09-12,Faulty
M00276,C1083,2020-11-28,Faulty
M00277,C0413,2017-07-01,Active
M00278,C2087,2025-04-01,Active
M00279,C2078,2021-03-09,Faulty
M00280,C2304,2024-07-15,Faulty
M00281,C0204,2018-09-21,Active
M00282,C0602,2023-05-05,Active
M00283,C1779,2019-02-10,Active
M00284,C1475,2021-04-08,Active
M00285,C2314,2017-06-07,Active
M00286,C2498,2019-06-22,Active
M00287,C1780,2019-07-13,Faulty
M00288,C0071,2024-05-19,Inactive
M00289,C1906,2016-01-19,Faulty
M00290,C0579,2021-07-23,Active
M00291,C1895,2019-10-03,Faulty
M00292,C0561,2025-05-20,Inactive
M00293,C0965,2020-04-09,Active
M00294,C0521,2023-11-27,Active
M00295,C0106,2018-07-27,Inactive
M00296,C1214,2021-01-20,Faulty
M00297,C0475,2020-12-03,Faulty
M00298,C1523,2023-07-28,Faulty
M00299,C0302,2021-03-11,Inactive
M00300,C0010,2015-09-10,Inactive
M00301,C0718,2021-01-31,Inactive
M00302,C2296,2018-06-22,Active
M00303,C1819,2016-01-26,Inactive
M00304,C1641,2021-01-04,Active
M00305,C1093,2018-10-04,Inactive
M00306,C2429,2021-08-20,Active
M00307,C1053,2021-10-13,Active
M00308,C1846,2017-02-13,Active
M00309,C2121,2016-01-04,Inactive
M00310,C2394,2018-03-23,Inactive
M00311,C0359,2024-08-15,Faulty
M00312,C0318,2024-02-18,Inactive
M00313,C0689,2016-04-17,Inactive
M00314,C1809,2016-03-24,Active
M00315,C0491,2022-06-29,Active
M00316,C2353,2024-11-16,Faulty
M00317,C1607,2023-01-20,Active
M00318,C1555,2019-05-08,Faulty
M00319,C1737,2024-11-11,Inactive
M00320,C0959,2019-12-03,Inactive
M00321,C0302,2016-06-10,Faulty
M00322,C0240,2024-10-18,Faulty
M00323,C0540,2016-04-01,Faulty
M00324,C2422,2021-03-28,Faulty
M00325,C0110,2023-04-15,Faulty
M00326,C0474,2024-07-13,Faulty
M00327,C1815,2022-06-25,Inactive
M00328,C1710,2018-12-20,Faulty
M00329,C1560,2024-08-19,Faulty
M00330,C0288,2019-11-01,Faulty
M00331,C2044,2018-02-01,Faulty
M00332,C1690,2017-11-02,Inactive
M00333,C1553,2021-11-09,Faulty
M00334,C1227,2021-08-20,Active
M00335,C0008,2025-02-25,Active
M00336,C1141,2018-03-16,Inactive
M00337,C1301,2022-07-01,Active
M00338,C0716,2016-03-11,Faulty
M00339,C0523,2022-07-08,Active
M00340,C0945,2015-10-21,Inactive
M00341,C0910,2024-01-10,Faulty
M00342,C1437,2024-05-31,Inactive
M00343,C1069,2019-09-25,Inactive
M00344,C1579,2023-10-16,Faulty
M00345,C0093,2024-09-26,Active
M00346,C2062,2021-02-01,Inactive
M00347,C0249,2019-11-02,Inactive
M00348,C0110,2015-07-03,Faulty
M00349,C0864,2016-11-24,Faulty
M00350,C1092,2023-07-25,Faulty
M00351,C1953,2018-09-26,Active
M00352,C1498,2020-06-17,Faulty
M00353,C1391,2016-12-15,Faulty
M00354,C1110,2016-04-09,Inactive
M00355,C1722,2016-01-29,Faulty
M00356,C2188,2016-01-05,Active
M00357,C2321,2018-02-21,Faulty
M00358,C1860,2018-04-08,Inactive
M00359,C1051,2016-06-01,Active
M00360,C2481,2015-12-18,Inactive
M00361,C1629,2022-05-05,Active
M00362,C0081,2019-05-02,Faulty
M00363,C0278,2017-05-05,Faulty
M00364,C0516,2023-10-13,Inactive
M00365,C2240,2021-04-19,Active
M00366,C1861,2016-08-06,Active
M00367,C1910,2018-09-21,Faulty
M00368,C2172,2015-10-09,Faulty
M00369,C0850,2020-02-13,Faulty
M00370,C0966,2015-08-13,Faulty
M00371,C0023,2018-01-05,Active
M00372,C0970,2016-01-04,Faulty
M00373,C2147,2020-07-31,Inactive
M00374,C0350,2020-02-04,Faulty
M00375,C1476,2018-05-21,Faulty
M00376,C2253,2023-02-06,Faulty
M00377,C1752,2019-09-13,Active
M00378,C1768,2019-06-21,Faulty
M00379,C0476,2021-08-20,Faulty
M00380,C2042,2016-06-30,Active
M00381,C2026,2017-05-14,Active
M00382,C1922,2023-08-31,Inactive
M00383,C0024,2015-07-02,Faulty
M00384,C1203,2018-02-26,Faulty
M00385,C0502,2023-05-30,Active
M00386,C1712,2019-05-23,Active
M00387,C1205,2024-08-09,Inactive
M00388,C1854,2023-07-03,Inactive
M00389,C0740,2021-11-27,Active
M00390,C0183,2019-08-13,Active
M00391,C0421,2017-12-20,Active
M00392,C2489,2024-07-30,Active
M00393,C1026,2021-08-12,Inactive
M00394,C0228,2023-06-03,Active
M00395,C1447,2017-12-30,Active
M00396,C0078,2016-10-03,Active
M00397,C1517,2023-10-13,Active
M00398,C1942,2018-01-01,Inactive
M00399,C0170,2016-06-25,Faulty
M00400,C1382,2024-08-20,Faulty
M00401,C0622,2018-06-07,Active
M00402,C2486,2015-08-10,Active
M00403,C1872,2024-12-12,Inactive
M00404,C0514,2018-12-10,Faulty
M00405,C1528,2020-05-15,Active
M00406,C1068,2018-10-30,Faulty
M00407,C1225,2024-10-19,Faulty
M00408,C2062,2015-12-17,Faulty
M00409,C2392,2016-09-15,Faulty
M00410,C0633,2024-02-08,Inactive
M00411,C0099,2020-03-13,Inactive
M00412,C0039,2019-10-26,Inactive
M00413,C2016,2020-07-20,Faulty
M00414,C2097,2021-05-16,Inactive
M00415,C1920,2025-06-16,Active
M00416,C1390,2021-02-14,Inactive
M00417,C1423,2017-11-15,Inactive
M00418,C0477,2024-07-18,Inactive
M00419,C0475,2020-03-03,Inactive
M00420,C1188,2025-02-03,Faulty
M00421,C0630,2015-07-22,Active
M00422,C1945,2016-03-13,Active
M00423,C1234,2015-12-17,Active
M00424,C1678,2024-04-05,Faulty
M00425,C1368,2016-07-05,Inactive
M00426,C0513,2023-10-25,Inactive
M00427,C0025,2016-01-14,Inactive
M00428,C1727,2023-02-10,Active
M00429,C1543,2022-01-12,Active
M00430,C0323,2024-02-05,Inactive
M00431,C0190,2020-03-22,Inactive
M00432,C2385,2019-02-26,Inactive
M00433,C1042,2024-01-26,Faulty
M00434,C1773,2017-04-30,Active
M00435,C1074,2018-01-05,Faulty
M00436,C1867,2019-09-24,Inactive
M00437,C0974,2019-06-29,Inactive
M00438,C0208,2023-09-06,Active
M00439,C0369,2020-08-17,Faulty
M00440,C0275,2022-11-23,Active
M00441,C0683,2016-08-11,Active
M00442,C0707,2017-09-12,Inactive
M00443,C0972,2018-09-10,Faulty
M00444,C1256,2016-01-06,Faulty
M00445,C0118,2025-04-08,Faulty
M00446,C0781,2017-07-24,Inactive
M00447,C1050,2017-06-11,Inactive
M00448,C0425,2023-07-09,Active
M00449,C1324,2021-01-15,Inactive
M00450,C1915,2019-03-01,Faulty
M00451,C0531,2022-07-11,Active
M00452,C1251,2020-01-20,Faulty
M00453,C0758,2022-11-21,Faulty
M00454,C0130,2025-05-31,Inactive
M00455,C2456,2021-09-27,Faulty
M00456,C1924,2022-01-19,Active
M00457,C1148,2021-01-21,Faulty
M00458,C0281,2024-05-17,Inactive
M00459,C1026,2020-07-28,Faulty
M00460,C0056,2015-08-05,Inactive
M00461,C0684,2024-07-22,Inactive
M00462,C0197,2017-09-22,Inactive
M00463,C1502,2023-07-29,Inactive
M00464,C2326,2019-07-15,Faulty
M00465,C1632,2017-04-01,Active
M00466,C1169,2022-08-30,Active
M00467,C1516,2020-07-26,Active
M00468,C0297,2016-09-30,Faulty
M00469,C0944,2018-07-07,Active
M00470,C0250,2024-06-09,Inactive
M00471,C0080,2023-06-11,Active
M00472,C0132,2021-01-16,Inactive
M00473,C0952,2020-04-12,Active
M00474,C0381,2020-09-08,Faulty
M00475,C1176,2021-03-09,Active
M00476,C0318,2019-12-02,Active
M00477,C0802,2022-10-25,Inactive
M00478,C1498,2022-03-14,Active
M00479,C0805,2017-10-06,Active
M00480,C0753,2021-02-26,Inactive
M00481,C1738,2021-12-08,Faulty
M00482,C0409,2023-01-24,Faulty
M00483,C1411,2017-01-10,Faulty
M00484,C2450,2023-06-07,Inactive
M00485,C0676,2015-12-12,Active
M00486,C1879,2018-05-15,Faulty
M00487,C2292,2024-08-04,Faulty
M00488,C0734,2018-04-07,Active
M00489,C2419,2024-10-22,Inactive
M00490,C1444,2017-08-06,Inactive
M00491,C1418,2021-12-17,Faulty
M00492,C1973,2021-03-29,Active
M00493,C2098,2018-06-07,Faulty
M00494,C1411,2016-06-30,Active
M00495,C2071,2023-10-05,Inactive
M00496,C1774,2023-02-13,Inactive
M00497,C1901,2022-02-03,Active
M00498,C0953,2015-07-22,Inactive
M00499,C2086,2022-09-21,Inactive
M00500,C1768,2018-07-24,Faulty
M00501,C0605,2017-08-06,Faulty
M00502,C1699,2024-05-02,Faulty
M00503,C0064,2017-06-26,Active
M00504,C2450,2024-09-02,Inactive
M00505,C1026,2023-05-22,Active
M00506,C0191,2016-04-23,Inactive
M00507,C1999,2022-03-10,Inactive
M00508,C0006,2018-12-24,Inactive
M00509,C2050,2015-11-06,Faulty
M00510,C0607,2017-12-11,Active
M00511,C1461,2020-12-03,Inactive
M00512,C0984,2016-05-13,Active
M00513,C1074,2024-08-23,Faulty
M00514,C1632,2020-11-17,Active
M00515,C0158,2022-12-09,Inactive
M00516,C0734,2021-01-28,Active
M00517,C0002,2024-11-07,Faulty
M00518,C1387,2022-06-24,Faulty
M00519,C1740,2024-01-02,Faulty
M00520,C0986,2016-03-19,Faulty
M00521,C0045,2023-05-11,Active
M00522,C1641,2022-03-30,Active
M00523,C1288,2023-06-05,Active
M00524,C2124,2017-01-19,Faulty
M00525,C0216,2023-02-05,Inactive
M00526,C1956,2025-05-31,Inactive
M00527,C1043,2025-05-16,Inactive
M00528,C1125,2016-03-29,Faulty
M00529,C0775,2022-12-25,Faulty
M00530,C2112,2019-04-20,Inactive
M00531,C1116,2023-10-23,Faulty
M00532,C0950,2015-06-29,Inactive
M00533,C2309,2019-04-01,Active
M00534,C0536,2021-05-13,Inactive
M00535,C1929,2025-02-28,Faulty
M00536,C1124,2016-09-01,Inactive
M00537,C2256,2020-12-27,Faulty
M00538,C0410,2018-07-28,Inactive
M00539,C1215,2016-07-24,Faulty
M00540,C1892,2021-12-26,Inactive
M00541,C0279,2019-06-05,Inactive
M00542,C0975,2017-08-10,Faulty
M00543,C1495,2018-09-26,Active
M00544,C1536,2021-04-24,Faulty
M00545,C1816,2015-06-19,Active
M00546,C0329,2016-12-30,Faulty
M00547,C2118,2016-05-23,Active
M00548,C0524,2022-11-03,Faulty
M00549,C1896,2017-10-16,Faulty
M00550,C0154,2024-05-02,Active
M00551,C1339,2020-09-08,Inactive
M00552,C0534,2018-02-08,Faulty
M00553,C1638,2017-01-16,Faulty
M00554,C0648,2020-05-21,Active
M00555,C1439,2017-09-20,Faulty
M00556,C2188,2022-10-11,Inactive
M00557,C2255,2020-10-06,Active
M00558,C0382,2021-11-29,Faulty
M00559,C1008,2018-08-18,Faulty
M00560,C0240,2023-02-25,Faulty
M00561,C2184,2022-05-22,Faulty
M00562,C1329,2021-12-03,Inactive
M00563,C0404,2015-08-11,Active
M00564,C0419,2017-05-07,Active
M00565,C0657,2016-10-20,Faulty
M00566,C2454,2022-01-08,Inactive
M00567,C1574,2022-05-02,Active
M00568,C0512,2019-05-31,Active
M00569,C1690,2024-10-19,Faulty
M00570,C1519,2023-10-06,Inactive
M00571,C1149,2016-02-08,Active
M00572,C0896,2016-12-14,Inactive
M00573,C2303,2022-08-13,Faulty
M00574,C2318,2024-01-18,Active
M00575,C1709,2025-01-06,Active
M00576,C1175,2020-07-22,Faulty
M00577,C0555,2016-10-10,Inactive
M00578,C1039,2024-09-02,Active
M00579,C0242,2021-01-31,Inactive
M00580,C1631,2018-09-30,Inactive
M00581,C2499,2021-04-30,Active
M00582,C0641,2024-11-28,Faulty
M00583,C2161,2015-11-17,Inactive
M00584,C0020,2023-01-27,Faulty
M00585,C1774,2020-09-16,Faulty
M00586,C1109,2018-02-14,Active
M00587,C1454,2018-02-28,Faulty
M00588,C1491,2015-10-21,Active
M00589,C2374,2022-01-31,Active
M00590,C0498,2017-07-29,Faulty
M00591,C2005,2025-01-24,Active
M00592,C0237,2019-03-05,Faulty
M00593,C0699,2021-08-25,Inactive
M00594,C0309,2015-08-23,Active
M00595,C1185,2020-05-22,Inactive
M00596,C2174,2022-11-15,Inactive
M00597,C1132,2021-09-11,Faulty
M00598,C0991,2019-07-06,Inactive
M00599,C0741,2022-03-01,Faulty
M00600,C1816,2022-03-17,Active
M00601,C0554,2018-01-29,Inactive
M00602,C2038,2015-09-20,Active
M00603,C1257,2022-05-12,Faulty
M00604,C1301,2015-08-04,Inactive
M00605,C0350,2020-12-22,Active
M00606,C0008,2017-12-05,Faulty
M00607,C0148,2025-04-06,Inactive
M00608,C0769,2021-02-25,Faulty
M00609,C0626,2024-09-09,Active
M00610,C1879,2019-05-10,Active
M00611,C2130,2020-02-24,Inactive
M00612,C2143,2018-09-21,Active
M00613,C1768,2015-11-02,Faulty
M00614,C1591,2015-07-29,Faulty
M00615,C1323,2021-03-27,Active
M00616,C0253,2020-01-29,Active
M00617,C2272,2021-11-11,Active
M00618,C2308,2025-03-07,Active
M00619,C1660,2021-08-12,Active
M00620,C1574,2016-01-14,Inactive
M00621,C0581,2016-01-28,Active
M00622,C0972,2018-03-05,Faulty
M00623,C0427,2020-04-11,Inactive
M00624,C1091,2017-01-21,Active
M00625,C0529,2020-03-29,Active
M00626,C0136,2019-03-29,Faulty
M00627,C2249,2024-04-16,Faulty
M00628,C2014,2024-04-18,Inactive
M00629,C0928,2018-10-18,Active
M00630,C1785,2023-08-01,Faulty
M00631,C0864,2016-12-23,Faulty
M00632,C1191,2015-12-06,Faulty
M00633,C2476,2024-08-07,Inactive
M00634,C0443,2015-10-15,Inactive
M00635,C0904,2025-03-22,Faulty
M00636,C1589,2024-12-28,Faulty
M00637,C0816,2024-03-05,Active
M00638,C0569,2017-09-12,Inactive
M00639,C0430,2016-10-29,Active
M00640,C1121,2018-03-23,Inactive
M00641,C1477,2025-06-18,Inactive
M00642,C0672,2020-10-20,Active
M00643,C0628,2020-06-17,Faulty
M00644,C1761,2019-08-21,Active
M00645,C0193,2018-07-03,Inactive
M00646,C1571,2019-06-24,Active
M00647,C0018,2023-07-01,Inactive
M00648,C0320,2017-07-01,Faulty
M00649,C1484,2016-03-31,Active
M00650,C0950,2021-04-19,Active
M00651,C2385,2023-01-05,Active
M00652,C1675,2018-06-04,Active
M00653,C0990,2024-10-09,Faulty
M00654,C2004,2022-08-25,Active
M00655,C1339,2021-02-28,Active
M00656,C1398,2020-06-10,Active
M00657,C2277,2022-02-16,Active
M00658,C2334,2019-08-11,Active
M00659,C0812,2015-07-04,Faulty
M00660,C1326,2020-06-21,Active
M00661,C1132,2019-04-28,Inactive
M00662,C0648,2023-01-27,Inactive
M00663,C1344,2024-11-25,Faulty
M00664,C1456,2022-12-29,Active
M00665,C2079,2018-05-11,Active
M00666,C1887,2024-05-18,Faulty
M00667,C1463,2019-12-20,Active
M00668,C0196,2023-04-05,Active
M00669,C0038,2022-06-11,Faulty
M00670,C1584,2019-04-29,Faulty
M00671,C2021,2022-12-15,Inactive
M00672,C1504,2023-04-07,Faulty
M00673,C1118,2025-02-07,Faulty
M00674,C1636,2020-01-06,Inactive
M00675,C0068,2020-09-16,Inactive
M00676,C1716,2018-07-22,Faulty
M00677,C1728,2022-02-01,Inactive
M00678,C0374,2020-11-19,Faulty
M00679,C0500,2020-12-08,Inactive
M00680,C1739,2016-05-29,Faulty
M00681,C1714,2017-03-22,Active
M00682,C1133,2021-03-17,Faulty
M00683,C0141,2018-06-01,Active
M00684,C0262,2024-10-15,Active
M00685,C1052,2023-10-12,Faulty
M00686,C0807,2017-08-30,Active
M00687,C1581,2018-02-01,Inactive
M00688,C0983,2024-06-06,Faulty
M00689,C2464,2019-08-17,Inactive
M00690,C2207,2019-07-31,Active
M00691,C1969,2018-12-20,Faulty
M00692,C1885,2020-06-27,Active
M00693,C0836,2024-10-01,Faulty
M00694,C1048,2018-04-30,Inactive
M00695,C0863,2023-05-03,Inactive
M00696,C0192,2022-04-11,Faulty
M00697,C0648,2018-01-10,Faulty
M00698,C0499,2016-08-01,Inactive
M00699,C2408,2020-09-29,Active
M00700,C2266,2018-05-23,Faulty
M00701,C1593,2024-10-29,Faulty
M00702,C0785,2017-02-12,Inactive
M00703,C0915,2020-01-12,Faulty
M00704,C2174,2019-05-08,Faulty
M00705,C2201,2015-08-06,Inactive
M00706,C1065,2018-10-01,Faulty
M00707,C1025,2017-05-18,Inactive
M00708,C0512,2017-10-27,Faulty
M00709,C1236,2016-05-17,Inactive
M00710,C1408,2015-09-29,Active
M00711,C2389,2015-08-04,Inactive
M00712,C2259,2018-04-02,Faulty
M00713,C1697,2023-04-09,Faulty
M00714,C2186,2024-09-20,Faulty
M00715,C1808,2016-09-26,Inactive
M00716,C2269,2025-01-10,Faulty
M00717,C0317,2021-07-22,Active
M00718,C1580,2023-12-19,Faulty
M00719,C0574,2021-03-18,Active
M00720,C1056,2018-05-02,Faulty
M00721,C0428,2023-05-19,Faulty
M00722,C1012,2025-05-21,Faulty
M00723,C0760,2015-10-06,Faulty
M00724,C2471,2017-04-05,Inactive
M00725,C0794,2016-07-23,Inactive
M00726,C1718,2019-06-03,Faulty
M00727,C0862,2016-01-05,Active
M00728,C1897,2016-11-14,Active
M00729,C1918,2024-08-16,Active
M00730,C0192,2015-10-28,Faulty
M00731,C0645,2016-11-04,Inactive
M00732,C1596,2016-07-18,Inactive
M00733,C0286,2018-11-19,Faulty
M00734,C0466,2024-05-31,Active
M00735,C1053,2017-05-15,Active
M00736,C2080,2022-12-22,Faulty
M00737,C1622,2019-08-25,Faulty
M00738,C2457,2020-04-04,Faulty
M00739,C0415,2022-08-09,Inactive
M00740,C1881,2021-12-19,Faulty
M00741,C0920,2021-02-17,Faulty
M00742,C1561,2020-11-28,Inactive
M00743,C1292,2020-03-12,Inactive
M00744,C1685,2017-06-25,Active
M00745,C0470,2016-06-18,Active
M00746,C0311,2022-02-25,Faulty
M00747,C2121,2023-05-04,Inactive
M00748,C0043,2021-04-11,Faulty
M00749,C0068,2017-10-12,Active
M00750,C1484,2017-05-15,Faulty
M00751,C0068,2016-07-01,Active
M00752,C1895,2024-11-08,Inactive
M00753,C1801,2015-11-24,Inactive
M00754,C1077,2016-02-09,Active
M00755,C2359,2023-07-31,Active
M00756,C0364,2016-01-09,Active
M00757,C0042,2016-02-21,Active
M00758,C0187,2017-04-09,Faulty
M00759,C0325,2016-10-04,Inactive
M00760,C2025,2022-03-22,Active
M00761,C1693,2025-02-17,Faulty
M00762,C0441,2021-03-20,Active
M00763,C0940,2019-02-11,Inactive
M00764,C0084,2020-09-07,Faulty
M00765,C1001,2021-01-13,Faulty
M00766,C2478,2024-07-20,Active
M00767,C1766,2021-02-24,Faulty
M00768,C0999,2022-05-22,Active
M00769,C0318,2016-03-11,Inactive
M00770,C1487,2016-02-05,Active
M00771,C1318,2018-03-31,Active
M00772,C1403,2017-12-01,Inactive
M00773,C0674,2015-07-17,Faulty
M00774,C1677,2021-02-08,Faulty
M00775,C1050,2024-06-11,Faulty
M00776,C2022,2021-05-01,Faulty
M00777,C2487,2024-03-27,Faulty
M00778,C0687,2021-07-15,Active
M00779,C0899,2023-02-28,Active
M00780,C0937,2022-02-21,Inactive
M00781,C0078,2020-01-01,Inactive
M00782,C0869,2024-01-30,Active
M00783,C1658,2017-03-10,Active
M00784,C0994,2016-11-01,Active
M00785,C0224,2025-01-27,Active
M00786,C1329,2019-02-24,Inactive
M00787,C1569,2015-09-01,Inactive
M00788,C0150,2017-06-01,Inactive
M00789,C2040,2018-03-07,Inactive
M00790,C0187,2025-06-10,Inactive
M00791,C1995,2018-10-15,Faulty
M00792,C0251,2020-09-06,Active
M00793,C0308,2021-01-16,Active
M00794,C1906,2023-11-05,Inactive
M00795,C1725,2022-11-05,Inactive
M00796,C1284,2023-12-16,Active
M00797,C2071,2017-10-28,Inactive
M00798,C1031,2021-05-23,Active
M00799,C1150,2021-02-06,Inactive
M00800,C1530,2022-08-22,Inactive
M00801,C1483,2022-10-24,Inactive
M00802,C1746,2019-10-24,Inactive
M00803,C1891,2022-05-20,Inactive
M00804,C0747,2025-02-07,Faulty
M00805,C0602,2018-04-05,Active
M00806,C0086,2019-07-25,Faulty
M00807,C1123,2022-06-30,Inactive
M00808,C1893,2022-12-19,Inactive
M00809,C1145,2024-10-16,Faulty
M00810,C0114,2024-06-22,Inactive
M00811,C0518,2019-01-21,Faulty
M00812,C0419,2019-03-26,Faulty
M00813,C0561,2016-01-07,Active
M00814,C2283,2016-03-13,Active
M00815,C0822,2016-01-25,Inactive
M00816,C1991,2022-10-03,Active
M00817,C0442,2015-10-30,Faulty
M00818,C0711,2021-07-18,Inactive
M00819,C2095,2024-07-24,Inactive
M00820,C2205,2023-12-11,Active
M00821,C2409,2019-06-18,Faulty
M00822,C1559,2018-08-03,Faulty
M00823,C1726,2023-09-12,Active
M00824,C1140,2024-01-28,Inactive
M00825,C0350,2022-01-22,Faulty
M00826,C0790,2018-03-12,Faulty
M00827,C0850,2020-10-12,Active
M00828,C2447,2019-02-17,Active
M00829,C0893,2016-12-23,Active
M00830,C0985,2022-03-06,Inactive
M00831,C0910,2016-05-28,Inactive
M00832,C0090,2016-08-04,Inactive
M00833,C1554,2022-06-07,Faulty
M00834,C2121,2020-09-19,Active
M00835,C2402,2019-05-12,Active
M00836,C1498,2017-12-17,Active
M00837,C1024,2017-04-12,Inactive
M00838,C2415,2025-05-29,Inactive
M00839,C0189,2021-09-30,Inactive
M00840,C1762,2016-07-20,Faulty
M00841,C1981,2015-11-12,Inactive
M00842,C2500,2015-08-06,Inactive
M00843,C1984,2020-03-23,Faulty
M00844,C0626,2023-11-09,Inactive
M00845,C0590,2016-01-06,Inactive
M00846,C0394,2017-02-23,Active
M00847,C0099,2017-03-27,Active
M00848,C1701,2019-03-17,Active
M00849,C0539,2020-07-06,Faulty
M00850,C1643,2024-05-09,Faulty
M00851,C1284,2022-06-28,Faulty
M00852,C0357,2017-11-30,Active
M00853,C0054,2024-07-12,Faulty
M00854,C0434,2017-09-06,Faulty
M00855,C0234,2022-11-18,Active
M00856,C2254,2016-10-13,Active
M00857,C1927,2025-04-23,Inactive
M00858,C0981,2019-07-26,Faulty
M00859,C0866,2022-03-05,Active
M00860,C0867,2016-12-01,Faulty
M00861,C1525,2021-09-12,Inactive
M00862,C0012,2015-09-23,Active
M00863,C2307,2016-01-13,Active
M00864,C0727,2021-01-12,Active
M00865,C0952,2022-07-12,Faulty
M00866,C0617,2017-02-10,Active
M00867,C0639,2023-12-15,Faulty
M00868,C0226,2025-03-03,Faulty
M00869,C2312,2024-07-17,Faulty
M00870,C0574,2019-11-15,Inactive
M00871,C0471,2017-05-01,Faulty
M00872,C0328,2018-08-14,Inactive
M00873,C2164,2016-02-22,Faulty
M00874,C2464,2021-11-03,Active
M00875,C1291,2022-08-19,Faulty
M00876,C1004,2020-08-26,Active
M00877,C2275,2025-02-07,Inactive
M00878,C0467,2023-10-17,Inactive
M00879,C2397,2019-12-02,Inactive
M00880,C1752,2023-11-16,Inactive
M00881,C0860,2024-03-21,Inactive
M00882,C0677,2018-10-06,Active
M00883,C1959,2023-01-09,Faulty
M00884,C0551,2024-08-17,Faulty
M00885,C1038,2016-06-26,Inactive
M00886,C0671,2023-05-29,Faulty
M00887,C0811,2023-05-18,Faulty
M00888,C0160,2025-03-16,Faulty
M00889,C0429,2021-03-02,Inactive
M00890,C2402,2018-03-18,Active
M00891,C0569,2024-02-06,Faulty
M00892,C1815,2018-03-19,Active
M00893,C1482,2017-02-06,Active
M00894,C2408,2023-01-05,Inactive
M00895,C1449,2021-07-30,Active
M00896,C0876,2022-05-16,Faulty
M00897,C0535,2021-06-07,Active
M00898,C2256,2020-07-18,Faulty
M00899,C1788,2024-09-02,Active
M00900,C1693,2017-02-16,Faulty
M00901,C2332,2015-08-17,Faulty
M00902,C1977,2020-02-01,Active
M00903,C2186,2017-06-07,Inactive
M00904,C1115,2019-05-14,Inactive
M00905,C2161,2018-05-10,Inactive
M00906,C0515,2016-09-10,Faulty
M00907,C0926,2021-09-22,Inactive
M00908,C2237,2019-04-07,Active
M00909,C0374,2025-05-25,Inactive
M00910,C2113,2023-04-07,Inactive
M00911,C1689,2016-02-14,Inactive
M00912,C1284,2018-08-19,Faulty
M00913,C0662,2024-05-17,Inactive
M00914,C1817,2022-11-06,Faulty
M00915,C0327,2018-10-06,Faulty
M00916,C1023,2019-05-11,Faulty
M00917,C0758,2024-02-20,Active
M00918,C0377,2019-03-25,Faulty
M00919,C1789,2025-01-07,Active
M00920,C2186,2018-03-12,Inactive
M00921,C2276,2022-03-20,Inactive
M00922,C1909,2021-06-03,Inactive
M00923,C0468,2022-05-07,Active
M00924,C1082,2023-05-19,Inactive
M00925,C1775,2025-04-23,Active
M00926,C1610,2024-07-26,Faulty
M00927,C2036,2016-05-12,Inactive
M00928,C0311,2022-11-14,Faulty
M00929,C2347,2024-02-17,Inactive
M00930,C2072,2023-12-29,Active
M00931,C0412,2017-10-07,Inactive
M00932,C1777,2023-08-16,Faulty
M00933,C0870,2016-01-16,Active
M00934,C1959,2021-06-17,Faulty
M00935,C0490,2015-10-19,Inactive
M00936,C2219,2016-01-11,Faulty
M00937,C0590,2016-04-19,Faulty
M00938,C0410,2021-03-02,Active
M00939,C0535,2019-06-01,Inactive
M00940,C1084,2022-02-13,Faulty
M00941,C1118,2025-05-25,Inactive
M00942,C1642,2019-07-28,Inactive
M00943,C1355,2019-10-21,Active
M00944,C0045,2017-06-19,Faulty
M00945,C2253,2024-06-01,Inactive
M00946,C0385,2025-05-17,Inactive
M00947,C0675,2018-06-15,Inactive
M00948,C2166,2024-03-26,Active
M00949,C0581,2019-01-12,Faulty
M00950,C1340,2021-11-06,Inactive
M00951,C2277,2017-03-05,Inactive
M00952,C1512,2018-07-13,Faulty
M00953,C1887,2016-12-17,Active
M00954,C1713,2020-10-10,Inactive
M00955,C1490,2022-01-05,Active
M00956,C2071,2021-11-23,Faulty
M00957,C1525,2018-11-13,Active
M00958,C2318,2015-12-15,Active
M00959,C1859,2016-10-11,Active
M00960,C0074,2019-11-07,Active
M00961,C2489,2015-12-08,Active
M00962,C0152,2016-07-29,Faulty
M00963,C0973,2023-10-31,Faulty
M00964,C2418,2015-09-02,Faulty
M00965,C0468,2025-02-06,Active
M00966,C1640,2017-04-23,Active
M00967,C2372,2016-11-28,Active
M00968,C0401,2023-04-22,Inactive
M00969,C2081,2016-11-06,Active
M00970,C1892,2015-12-27,Faulty
M00971,C2500,2020-10-29,Active
M00972,C0662,2018-03-30,Faulty
M00973,C2242,2015-12-06,Active
M00974,C0925,2018-04-08,Inactive
M00975,C0209,2020-07-03,Active
M00976,C1720,2021-09-16,Active
M00977,C0682,2022-03-05,Inactive
M00978,C1176,2024-02-27,Active
M00979,C2159,2020-12-07,Faulty
M00980,C1109,2019-12-31,Faulty
M00981,C0557,2016-07-29,Active
M00982,C0585,2021-01-06,Faulty
M00983,C0364,2025-02-14,Faulty
M00984,C1992,2025-02-14,Active
M00985,C2021,2022-06-07,Inactive
M00986,C2359,2018-06-08,Faulty
M00987,C2000,2019-07-15,Faulty
M00988,C2297,2015-07-06,Inactive
M00989,C0231,2017-11-25,Inactive
M00990,C2437,2019-05-02,Active
M00991,C1755,2019-05-07,Faulty
M00992,C2345,2021-09-12,Faulty
M00993,C0890,2021-09-10,Faulty
M00994,C0428,2021-04-20,Faulty
M00995,C1555,2017-01-05,Active
M00996,C2364,2016-11-09,Faulty
M00997,C1255,2022-01-11,Faulty
M00998,C1139,2020-02-15,Active
M00999,C0286,2017-10-14,Active
M01000,C1427,2020-06-01,Active
M01001,C0988,2020-12-15,Faulty
M01002,C0494,2021-10-15,Inactive
M01003,C2184,2022-03-28,Inactive
M01004,C1436,2022-10-11,Faulty
M01005,C0759,2016-06-04,Active
M01006,C0897,2018-02-26,Active
M01007,C1703,2022-11-01,Inactive
M01008,C0291,2020-04-18,Inactive
M01009,C1041,2015-10-07,Active
M01010,C1680,2016-02-11,Active
M01011,C0201,2016-09-15,Active
M01012,C1690,2018-10-08,Inactive
M01013,C0424,2024-06-05,Inactive
M01014,C0015,2019-04-12,Active
M01015,C2309,2023-06-29,Inactive
M01016,C1235,2020-10-04,Active
M01017,C1585,2020-10-30,Faulty
M01018,C1153,2019-07-06,Faulty
M01019,C0051,2018-06-10,Inactive
M01020,C1054,2025-04-28,Faulty
M01021,C1527,2017-09-16,Active
M01022,C1319,2024-02-24,Inactive
M01023,C2425,2016-01-02,Faulty
M01024,C1311,2021-02-07,Inactive
M01025,C0628,2016-06-30,Faulty
M01026,C1984,2016-12-07,Active
M01027,C2221,2019-06-22,Faulty
M01028,C1794,2023-11-10,Faulty
M01029,C0130,2021-01-29,Inactive
M01030,C1661,2016-11-17,Active
M01031,C0259,2021-04-02,Active
M01032,C0170,2020-04-27,Active
M01033,C2432,2023-03-15,Inactive
M01034,C2099,2015-11-05,Active
M01035,C1342,2021-02-05,Inactive
M01036,C1493,2016-07-24,Inactive
M01037,C2289,2017-12-18,Faulty
M01038,C1639,2023-08-10,Inactive
M01039,C1911,2017-02-25,Active
M01040,C1150,2016-12-03,Active
M01041,C0016,2023-02-09,Inactive
M01042,C2107,2017-04-18,Faulty
M01043,C1382,2025-01-09,Active
M01044,C0433,2016-12-16,Inactive
M01045,C2160,2024-07-15,Faulty
M01046,C1968,2020-01-21,Faulty
M01047,C0674,2022-12-06,Active
M01048,C1853,2019-06-25,Inactive
M01049,C1389,2019-10-21,Inactive
M01050,C1749,2019-03-27,Active
M01051,C0672,2025-02-01,Faulty
M01052,C0543,2023-04-12,Inactive
M01053,C0167,2018-05-28,Inactive
M01054,C1665,2023-06-23,Active
M01055,C2114,2024-06-11,Faulty
M01056,C1034,2025-01-20,Inactive
M01057,C0588,2025-05-13,Active
M01058,C1758,2018-09-22,Inactive
M01059,C1126,2024-05-05,Active
M01060,C1661,2022-02-10,Faulty
M01061,C0357,2016-10-19,Inactive
M01062,C0228,2019-03-07,Active
M01063,C0064,2021-12-09,Active
M01064,C2088,2022-06-29,Inactive
M01065,C0380,2019-09-02,Active
M01066,C1168,2019-03-03,Active
M01067,C1422,2021-07-22,Inactive
M01068,C0139,2017-09-03,Faulty
M01069,C1272,2018-08-10,Active
M01070,C1604,2020-03-23,Active
M01071,C2361,2022-11-03,Active
M01072,C2078,2025-05-06,Inactive
M01073,C2065,2022-12-05,Inactive
M01074,C0101,2017-05-11,Faulty
M01075,C1775,2016-07-12,Inactive
M01076,C1554,2020-10-10,Active
M01077,C1872,2018-02-06,Faulty
M01078,C2362,2016-05-06,Faulty
M01079,C0006,2018-01-12,Active
M01080,C2075,2019-02-07,Faulty
M01081,C0542,2021-12-04,Faulty
M01082,C1718,2017-09-02,Inactive
M01083,C2484,2017-08-10,Inactive
M01084,C0549,2019-06-08,Faulty
M01085,C0945,2017-09-08,Inactive
M01086,C0590,2023-12-24,Active
M01087,C0017,2019-11-13,Active
M01088,C0398,2021-04-21,Inactive
M01089,C1354,2021-03-11,Faulty
M01090,C0545,2017-01-04,Faulty
M01091,C0395,2024-02-20,Active
M01092,C0677,2015-12-19,Active
M01093,C0398,2015-07-29,Inactive
M01094,C1048,2019-03-13,Inactive
M01095,C1804,2016-09-10,Active
M01096,C2250,2016-02-05,Inactive
M01097,C0433,2016-04-25,Faulty
M01098,C0719,2021-04-04,Faulty
M01099,C0686,2023-05-10,Faulty
M01100,C2340,2017-09-08,Faulty
M01101,C1634,2015-10-08,Active
M01102,C1940,2015-08-18,Faulty
M01103,C0820,2024-01-26,Inactive
M01104,C0353,2024-07-22,Inactive
M01105,C1008,2017-10-22,Faulty
M01106,C0753,2017-06-28,Faulty
M01107,C2244,2017-05-31,Active
M01108,C1249,2015-07-01,Faulty
M01109,C1987,2021-09-20,Inactive
M01110,C1025,2023-02-22,Inactive
M01111,C0597,2016-02-04,Active
M01112,C1736,2023-07-09,Active
M01113,C1985,2020-10-12,Faulty
M01114,C2274,2018-08-29,Active
M01115,C0946,2020-08-17,Active
M01116,C2495,2021-11-05,Inactive
M01117,C2082,2024-09-21,Inactive
M01118,C0911,2016-06-02,Active
M01119,C1484,2022-10-23,Active
M01120,C1696,2017-07-10,Inactive
M01121,C1624,2017-06-04,Faulty
M01122,C1558,2017-07-11,Active
M01123,C0152,2024-02-22,Faulty
M01124,C1878,2024-02-08,Active
M01125,C2365,2020-08-16,Faulty
M01126,C2214,2016-06-28,Active
M01127,C0422,2025-03-26,Inactive
M01128,C0165,2018-03-23,Active
M01129,C1649,2022-10-31,Active
M01130,C0844,2022-05-09,Faulty
M01131,C0687,2023-09-11,Faulty
M01132,C0764,2017-06-04,Inactive
M01133,C0683,2021-07-13,Inactive
M01134,C1256,2023-10-10,Faulty
M01135,C2389,2018-07-16,Faulty
M01136,C0393,2021-07-13,Faulty
M01137,C1131,2023-05-01,Faulty
M01138,C0958,2022-09-09,Faulty
M01139,C0314,2018-10-18,Inactive
M01140,C1752,2022-04-13,Inactive
M01141,C2188,2015-07-08,Faulty
M01142,C1099,2017-11-19,Faulty
M01143,C2318,2020-02-20,Faulty
M01144,C1448,2023-01-20,Faulty
M01145,C0273,2020-03-13,Inactive
M01146,C0991,2015-11-19,Inactive
M01147,C2301,2017-11-17,Inactive
M01148,C0585,2016-08-31,Inactive
M01149,C0763,2018-08-03,Faulty
M01150,C0746,2017-09-01,Inactive
M01151,C1074,2017-09-28,Inactive
M01152,C2408,2022-12-18,Active
M01153,C1131,2021-03-02,Inactive
M01154,C2042,2022-09-03,Active
M01155,C2344,2016-05-18,Faulty
M01156,C0460,2020-01-07,Active
M01157,C1806,2020-06-08,Active
M01158,C0908,2023-12-07,Faulty
M01159,C0849,2021-09-13,Active
M01160,C0809,2019-01-07,Faulty
M01161,C1855,2022-01-10,Active
M01162,C1139,2019-09-03,Active
M01163,C0967,2020-11-08,Faulty
M01164,C2135,2019-06-04,Faulty
M01165,C1190,2023-09-17,Active
M01166,C0165,2023-06-18,Faulty
M01167,C0697,2019-05-19,Inactive
M01168,C0494,2016-03-15,Faulty
M01169,C2349,2024-09-17,Inactive
M01170,C2345,2019-03-20,Inactive
M01171,C0384,2024-06-12,Inactive
M01172,C1071,2021-11-28,Active
M01173,C0608,2022-05-14,Active
M01174,C0207,2023-06-09,Faulty
M01175,C2496,2024-08-16,Inactive
M01176,C2356,2016-07-23,Faulty
M01177,C0421,2022-12-08,Faulty
M01178,C0833,2017-02-24,Inactive
M01179,C0499,2017-06-28,Inactive
M01180,C0424,2015-09-21,Faulty
M01181,C0558,2020-05-19,Faulty
M01182,C0447,2016-06-01,Faulty
M01183,C0798,2018-07-13,Faulty
M01184,C0395,2022-01-23,Faulty
M01185,C2374,2020-04-06,Inactive
M01186,C0763,2017-11-17,Active
M01187,C0045,2023-07-30,Inactive
M01188,C1549,2016-05-26,Faulty
M01189,C1336,2018-06-12,Faulty
M01190,C0475,2021-10-11,Faulty
M01191,C0720,2020-06-10,Active
M01192,C2230,2024-05-06,Active
M01193,C1403,2021-06-25,Inactive
M01194,C0175,2016-09-24,Inactive
M01195,C0205,2019-04-29,Inactive
M01196,C2020,2019-02-22,Active
M01197,C1648,2021-10-10,Faulty
M01198,C2064,2017-01-01,Faulty
M01199,C1507,2018-10-31,Active
M01200,C1087,2024-08-31,Faulty
M01201,C0050,2016-01-10,Faulty
M01202,C0468,2017-06-12,Faulty
M01203,C0439,2015-07-15,Inactive
M01204,C0207,2017-10-20,Active
M01205,C0212,2016-12-20,Faulty
M01206,C0726,2018-06-03,Inactive
M01207,C0312,2021-04-11,Inactive
M01208,C2213,2019-08-05,Active
M01209,C0511,2015-11-09,Active
M01210,C2098,2021-07-19,Inactive
M01211,C2326,2024-03-30,Inactive
M01212,C1558,2024-06-21,Inactive
M01213,C1581,2023-12-23,Inactive
M01214,C0130,2021-10-26,Inactive
M01215,C0380,2018-12-23,Inactive
M01216,C1007,2020-04-16,Inactive
M01217,C0094,2016-03-05,Inactive
M01218,C1708,2016-07-31,Inactive
M01219,C2398,2022-03-17,Inactive
M01220,C0095,2018-07-21,Active
M01221,C0338,2019-06-07,Faulty
M01222,C0482,2021-08-24,Active
M01223,C0651,2025-02-11,Active
M01224,C0242,2024-05-20,Faulty
M01225,C0368,2017-03-30,Inactive
M01226,C1067,2016-10-12,Inactive
M01227,C0626,2023-04-13,Active
M01228,C0685,2020-01-29,Active
M01229,C0494,2025-04-14,Active
M01230,C2160,2019-04-16,Active
M01231,C0800,2017-05-25,Inactive
M01232,C0998,2021-09-06,Faulty
M01233,C0772,2019-06-20,Inactive
M01234,C1753,2017-01-23,Inactive
M01235,C1761,2015-07-03,Active
M01236,C1510,2020-01-02,Inactive
M01237,C0011,2024-10-11,Faulty
M01238,C0253,2019-02-01,Inactive
M01239,C0234,2016-10-19,Faulty
M01240,C1773,2018-07-05,Inactive
M01241,C1794,2018-01-18,Active
M01242,C1317,2018-07-07,Active
M01243,C2492,2021-02-11,Active
M01244,C0067,2023-09-26,Active
M01245,C0808,2016-02-12,Active
M01246,C1313,2016-04-02,Faulty
M01247,C2292,2018-08-02,Inactive
M01248,C0945,2017-12-25,Inactive
M01249,C1799,2016-07-31,Inactive
M01250,C0960,2015-12-31,Faulty
M01251,C0395,2017-11-11,Faulty
M01252,C1855,2018-05-23,Inactive
M01253,C0165,2016-07-16,Active
M01254,C1647,2017-09-03,Active
M01255,C2121,2016-12-02,Active
M01256,C1650,2021-07-10,Faulty
M01257,C2438,2024-11-22,Active
M01258,C0883,2020-01-30,Inactive
M01259,C1101,2016-09-29,Inactive
M01260,C1639,2022-06-20,Faulty
M01261,C0619,2023-03-27,Faulty
M01262,C1049,2015-06-21,Faulty
M01263,C0350,2018-08-22,Inactive
M01264,C0314,2020-06-09,Faulty
M01265,C2148,2021-12-17,Active
M01266,C0236,2020-02-04,Faulty
M01267,C2240,2021-05-01,Inactive
M01268,C0776,2018-10-09,Inactive
M01269,C0446,2024-12-06,Inactive
M01270,C1262,2025-03-30,Active
M01271,C1357,2020-01-29,Faulty
M01272,C0700,2025-06-12,Active
M01273,C2137,2018-03-07,Inactive
M01274,C0811,2016-02-04,Faulty
M01275,C0303,2020-05-10,Active
M01276,C1047,2015-12-28,Faulty
M01277,C0679,2022-11-15,Faulty
M01278,C1200,2018-06-22,Faulty
M01279,C1209,2019-02-26,Inactive
M01280,C1510,2022-03-27,Inactive
M01281,C0056,2023-12-01,Faulty
M01282,C2319,2025-03-18,Faulty
M01283,C2209,2019-07-20,Faulty
M01284,C2272,2024-12-22,Inactive
M01285,C2229,2022-03-28,Active
M01286,C0285,2025-05-21,Faulty
M01287,C2226,2016-03-25,Inactive
M01288,C0545,2018-07-16,Inactive
M01289,C0779,2016-02-25,Active
M01290,C1119,2024-08-16,Inactive
M01291,C2123,2015-09-06,Faulty
M01292,C1624,2017-05-18,Inactive
M01293,C2433,2017-03-10,Faulty
M01294,C0496,2024-08-09,Inactive
M01295,C2322,2021-01-14,Active
M01296,C1501,2017-07-07,Active
M01297,C1125,2021-04-22,Active
M01298,C0573,2017-07-03,Active
M01299,C0033,2021-10-04,Faulty
M01300,C0510,2020-05-03,Active
M01301,C1101,2022-02-14,Inactive
M01302,C1548,2018-10-31,Active
M01303,C1223,2019-05-29,Active
M01304,C0217,2017-07-27,Faulty
M01305,C1703,2024-12-27,Inactive
M01306,C1990,2018-10-13,Faulty
M01307,C1188,2018-05-28,Active
M01308,C0222,2023-01-03,Active
M01309,C0004,2020-04-30,Inactive
M01310,C1979,2023-11-15,Active
M01311,C2398,2022-05-16,Inactive
M01312,C0358,2016-07-19,Active
M01313,C1326,2023-08-03,Active
M01314,C1970,2023-07-02,Faulty
M01315,C0194,2024-05-07,Faulty
M01316,C0168,2020-01-31,Active
M01317,C1651,2020-08-18,Faulty
M01318,C0105,2016-07-03,Inactive
M01319,C1570,2017-09-03,Faulty
M01320,C1935,2019-01-11,Inactive
M01321,C1370,2024-11-18,Inactive
M01322,C0110,2019-08-04,Active
M01323,C1367,2021-03-01,Faulty
M01324,C1836,2019-02-09,Inactive
M01325,C2254,2021-10-28,Inactive
M01326,C1864,2015-08-04,Active
M01327,C2468,2023-09-16,Inactive
M01328,C2048,2019-03-12,Inactive
M01329,C0331,2015-10-24,Inactive
M01330,C2256,2022-12-03,Faulty
M01331,C1894,2023-11-30,Inactive
M01332,C2411,2022-06-18,Inactive
M01333,C0607,2017-05-09,Faulty
M01334,C2039,2023-02-02,Active
M01335,C1211,2016-01-02,Inactive
M01336,C0241,2016-06-13,Faulty
M01337,C2075,2017-09-11,Faulty
M01338,C1718,2021-04-19,Active
M01339,C0383,2019-03-22,Inactive
M01340,C1589,2024-04-07,Inactive
M01341,C2490,2017-04-05,Faulty
M01342,C2280,2017-04-27,Inactive
M01343,C1136,2019-11-23,Active
M01344,C0465,2020-07-24,Faulty
M01345,C0278,2021-10-26,Active
M01346,C0463,2022-01-17,Faulty
M01347,C2473,2017-07-22,Active
M01348,C1044,2018-10-06,Faulty
M01349,C0815,2016-03-16,Active
M01350,C1947,2021-06-25,Inactive
M01351,C0488,2018-09-19,Faulty
M01352,C1000,2018-01-21,Inactive
M01353,C2155,2019-01-20,Inactive
M01354,C0286,2025-01-30,Faulty
M01355,C1445,2020-11-19,Inactive
M01356,C0423,2025-02-10,Inactive
M01357,C1060,2016-07-16,Active
M01358,C0507,2023-06-15,Inactive
M01359,C1957,2021-03-09,Faulty
M01360,C1922,2019-11-29,Active
M01361,C1940,2022-12-15,Inactive
M01362,C1524,2022-10-17,Inactive
M01363,C1122,2020-06-17,Active
M01364,C0215,2023-01-06,Active
M01365,C1764,2017-05-13,Inactive
M01366,C1072,2021-09-21,Faulty
M01367,C0692,2024-12-03,Inactive
M01368,C2059,2020-07-01,Inactive
M01369,C2111,2019-12-16,Active
M01370,C2328,2022-05-11,Active
M01371,C2472,2023-05-11,Faulty
M01372,C0711,2018-12-18,Active
M01373,C0172,2019-04-09,Faulty
M01374,C2391,2019-10-09,Inactive
M01375,C0888,2020-12-31,Inactive
M01376,C1414,2016-11-07,Inactive
M01377,C1083,2015-06-22,Inactive
M01378,C0345,2020-03-30,Inactive
M01379,C2013,2019-12-05,Faulty
M01380,C0152,2016-02-27,Faulty
M01381,C0090,2020-08-19,Inactive
M01382,C0932,2023-12-22,Inactive
M01383,C0461,2020-04-23,Inactive
M01384,C0043,2016-11-25,Faulty
M01385,C0395,2019-11-11,Faulty
M01386,C1574,2020-12-24,Faulty
M01387,C1458,2017-09-19,Inactive
M01388,C2272,2025-05-14,Active
M01389,C1226,2018-08-17,Faulty
M01390,C0723,2019-06-25,Faulty
M01391,C0785,2019-09-28,Active
M01392,C1496,2021-11-24,Inactive
M01393,C0909,2019-04-16,Inactive
M01394,C2263,2016-02-14,Active
M01395,C0578,2023-12-29,Inactive
M01396,C0289,2021-02-08,Faulty
M01397,C0544,2016-10-29,Active
M01398,C0889,2017-08-23,Inactive
M01399,C0722,2024-07-13,Inactive
M01400,C1841,2025-04-25,Faulty
M01401,C0085,2023-06-20,Inactive
M01402,C0623,2022-07-23,Faulty
M01403,C1398,2024-10-15,Faulty
M01404,C1882,2021-07-30,Inactive
M01405,C1707,2021-04-09,Inactive
M01406,C0515,2018-10-28,Active
M01407,C0229,2019-07-18,Active
M01408,C2467,2021-12-12,Inactive
M01409,C1085,2021-09-08,Inactive
M01410,C2490,2016-07-24,Active
M01411,C1536,2023-11-15,Inactive
M01412,C1275,2018-02-02,Faulty
M01413,C1448,2022-02-11,Active
M01414,C0057,2020-05-07,Inactive
M01415,C1647,2023-01-17,Active
M01416,C2316,2023-03-11,Faulty
M01417,C0234,2021-08-11,Inactive
M01418,C0381,2023-08-03,Inactive
M01419,C0821,2019-07-27,Active
M01420,C1270,2016-11-07,Active
M01421,C0750,2023-03-12,Inactive
M01422,C1656,2020-06-02,Inactive
M01423,C0076,2017-01-18,Active
M01424,C0706,2020-07-19,Active
M01425,C2219,2023-11-13,Active
M01426,C2177,2017-09-15,Inactive
M01427,C0031,2024-09-23,Faulty
M01428,C2328,2020-06-09,Active
M01429,C1481,2024-03-05,Faulty
M01430,C0165,2020-07-01,Active
M01431,C0775,2019-10-03,Inactive
M01432,C0814,2018-01-09,Faulty
M01433,C1000,2020-10-11,Faulty
M01434,C2175,2015-09-20,Faulty
M01435,C0632,2020-09-22,Inactive
M01436,C0877,2017-04-16,Inactive
M01437,C1869,2023-04-01,Active
M01438,C0950,2024-10-26,Active
M01439,C2228,2025-03-14,Faulty
M01440,C2213,2023-01-19,Active
M01441,C1378,2017-01-27,Inactive
M01442,C0637,2017-04-13,Faulty
M01443,C0557,2015-10-04,Faulty
M01444,C2134,2024-02-02,Faulty
M01445,C2392,2020-04-26,Inactive
M01446,C2005,2017-09-02,Inactive
M01447,C2211,2016-05-03,Active
M01448,C2345,2021-03-08,Inactive
M01449,C1303,2020-01-12,Faulty
M01450,C2498,2023-01-21,Active
M01451,C1610,2016-04-23,Active
M01452,C0216,2025-01-19,Active
M01453,C1989,2016-11-01,Active
M01454,C2108,2015-12-14,Active
M01455,C0868,2024-02-22,Active
M01456,C0003,2015-07-11,Inactive
M01457,C1288,2018-09-26,Inactive
M01458,C0890,2023-09-30,Inactive
M01459,C1579,2019-07-20,Inactive
M01460,C1723,2023-09-14,Inactive
M01461,C0414,2024-09-26,Active
M01462,C0670,2019-07-23,Inactive
M01463,C2280,2015-11-16,Faulty
M01464,C1803,2017-04-15,Inactive
M01465,C1964,2017-01-05,Active
M01466,C1075,2018-11-29,Active
M01467,C1253,2019-12-01,Active
M01468,C1529,2023-12-05,Active
M01469,C0445,2019-08-29,Faulty
M01470,C1172,2021-03-22,Inactive
M01471,C0175,2025-02-16,Faulty
M01472,C1605,2022-05-18,Active
M01473,C1097,2018-06-03,Faulty
M01474,C0333,2015-10-30,Faulty
M01475,C2061,2024-07-04,Active
M01476,C0260,2019-01-22,Inactive
M01477,C0761,2016-05-14,Faulty
M01478,C0580,2022-08-11,Inactive
M01479,C0210,2016-03-22,Active
M01480,C1824,2016-04-16,Active
M01481,C2018,2023-08-19,Active
M01482,C0869,2017-08-16,Active
M01483,C0308,2016-01-01,Active
M01484,C0653,2019-05-30,Active
M01485,C0343,2020-01-25,Inactive
M01486,C0806,2021-01-12,Active
M01487,C2051,2022-08-30,Faulty
M01488,C0742,2018-08-14,Faulty
M01489,C1311,2017-08-04,Inactive
M01490,C0854,2022-11-22,Active
M01491,C0594,2024-09-29,Faulty
M01492,C1702,2016-10-14,Inactive
M01493,C0107,2020-08-07,Active
M01494,C2118,2024-04-18,Active
M01495,C0907,2017-01-26,Faulty
M01496,C0643,2021-10-29,Inactive
M01497,C2410,2021-07-08,Inactive
M01498,C1816,2017-01-12,Active
M01499,C0962,2023-03-04,Faulty
M01500,C0729,2021-09-28,Inactive
M01501,C2189,2018-05-10,Faulty
M01502,C0034,2022-06-12,Inactive
M01503,C1118,2018-06-08,Inactive
M01504,C1390,2023-10-11,Faulty
M01505,C1974,2017-03-04,Active
M01506,C0824,2019-02-17,Inactive
M01507,C0863,2019-05-01,Faulty
M01508,C1808,2019-06-28,Faulty
M01509,C2259,2017-09-29,Inactive
M01510,C0453,2017-01-14,Inactive
M01511,C2356,2015-07-08,Active
M01512,C1289,2020-07-21,Faulty
M01513,C2411,2021-07-30,Inactive
M01514,C0585,2017-12-05,Faulty
M01515,C1005,2018-06-10,Active
M01516,C0535,2021-08-25,Inactive
M01517,C1391,2016-08-31,Faulty
M01518,C0254,2015-09-29,Active
M01519,C1274,2017-08-13,Active
M01520,C1676,2023-01-06,Faulty
M01521,C0784,2020-09-02,Active
M01522,C2141,2023-08-12,Active
M01523,C2418,2015-11-30,Faulty
M01524,C0714,2021-02-06,Faulty
M01525,C1026,2018-06-07,Faulty
M01526,C0059,2020-08-16,Faulty
M01527,C1326,2015-11-22,Faulty
M01528,C1241,2019-05-28,Active
M01529,C0276,2018-01-11,Faulty
M01530,C0697,2022-07-16,Faulty
M01531,C1523,2019-06-03,Active
M01532,C0411,2021-07-16,Active
M01533,C1641,2019-06-03,Faulty
M01534,C1380,2017-06-16,Inactive
M01535,C1184,2021-06-07,Faulty
M01536,C0854,2021-04-01,Active
M01537,C0285,2020-12-12,Inactive
M01538,C0960,2022-11-13,Active
M01539,C2201,2018-08-15,Faulty
M01540,C0584,2022-02-10,Inactive
M01541,C2206,2018-12-12,Inactive
M01542,C1478,2021-03-07,Inactive
M01543,C2125,2022-11-24,Active
M01544,C0302,2017-09-29,Active
M01545,C1772,2019-10-25,Active
M01546,C0008,2015-09-22,Inactive
M01547,C2093,2023-09-06,Faulty
M01548,C1794,2022-06-23,Inactive
M01549,C0324,2017-04-05,Inactive
M01550,C0291,2022-08-01,Inactive
M01551,C0310,2016-04-02,Faulty
M01552,C0745,2018-06-01,Active
M01553,C1797,2023-11-13,Active
M01554,C2000,2016-06-10,Active
M01555,C1659,2016-11-18,Inactive
M01556,C2253,2018-01-16,Active
M01557,C2304,2021-03-07,Active
M01558,C0307,2021-11-21,Inactive
M01559,C2323,2015-11-01,Faulty
M01560,C1487,2020-10-11,Faulty
M01561,C2481,2024-12-06,Faulty
M01562,C1315,2023-12-02,Inactive
M01563,C1486,2021-10-07,Active
M01564,C1095,2016-06-03,Faulty
M01565,C1455,2016-11-16,Active
M01566,C0289,2024-04-10,Faulty
M01567,C1008,2025-05-19,Faulty
M01568,C0494,2017-02-09,Faulty
M01569,C2208,2019-07-19,Faulty
M01570,C0399,2023-04-07,Inactive
M01571,C2461,2016-04-16,Active
M01572,C1770,2015-08-05,Active
M01573,C2095,2018-12-03,Inactive
M01574,C1629,2019-09-17,Inactive
M01575,C0059,2020-05-22,Inactive
M01576,C2487,2023-05-25,Faulty
M01577,C2052,2022-10-07,Active
M01578,C1470,2021-12-15,Inactive
M01579,C2117,2025-02-13,Active
M01580,C1458,2019-11-04,Faulty
M01581,C2215,2021-07-02,Inactive
M01582,C1921,2024-04-28,Active
M01583,C1800,2018-07-13,Faulty
M01584,C0519,2024-01-13,Inactive
M01585,C0924,2024-10-23,Active
M01586,C2469,2023-11-11,Inactive
M01587,C0065,2020-08-28,Faulty
M01588,C1062,2021-12-12,Active
M01589,C2221,2023-04-20,Inactive
M01590,C1645,2021-12-18,Active
M01591,C0928,2020-07-04,Active
M01592,C2123,2020-05-21,Inactive
M01593,C1621,2015-09-09,Faulty
M01594,C1694,2018-08-07,Inactive
M01595,C1913,2024-12-10,Faulty
M01596,C1967,2020-06-14,Faulty
M01597,C0046,2021-12-14,Inactive
M01598,C1269,2019-05-17,Faulty
M01599,C2161,2024-08-22,Faulty
M01600,C1285,2016-05-29,Faulty
M01601,C2144,2023-10-17,Faulty
M01602,C1478,2018-04-13,Faulty
M01603,C0639,2024-03-05,Active
M01604,C0893,2019-08-31,Active
M01605,C1116,2021-06-17,Inactive
M01606,C1002,2016-11-30,Faulty
M01607,C0620,2016-10-29,Faulty
M01608,C0249,2015-11-22,Faulty
M01609,C0586,2022-05-15,Faulty
M01610,C0661,2015-11-14,Faulty
M01611,C0868,2023-08-10,Faulty
M01612,C2041,2017-06-01,Faulty
M01613,C0304,2019-09-26,Active
M01614,C0873,2023-11-11,Inactive
M01615,C2207,2017-06-19,Faulty
M01616,C2462,2024-01-20,Active
M01617,C1274,2015-12-12,Active
M01618,C1613,2022-04-16,Faulty
M01619,C0789,2021-12-04,Inactive
M01620,C1717,2017-05-29,Faulty
M01621,C1629,2016-07-25,Faulty
M01622,C0966,2019-05-10,Active
M01623,C2433,2020-07-13,Active
M01624,C0081,2018-09-07,Faulty
M01625,C1372,2024-05-02,Faulty
M01626,C2402,2021-06-28,Faulty
M01627,C0200,2016-12-31,Faulty
M01628,C1960,2022-05-27,Faulty
M01629,C1201,2016-07-12,Inactive
M01630,C1884,2015-06-22,Faulty
M01631,C2121,2019-05-16,Inactive
M01632,C1112,2019-07-25,Active
M01633,C1570,2021-03-19,Active
M01634,C1122,2016-02-11,Active
M01635,C1850,2017-03-01,Inactive
M01636,C1276,2020-04-28,Inactive
M01637,C0461,2018-01-09,Faulty
M01638,C1859,2022-08-27,Inactive
M01639,C1303,2016-07-01,Inactive
M01640,C0685,2020-02-24,Inactive
M01641,C2376,2017-06-27,Active
M01642,C2094,2022-11-10,Active
M01643,C0166,2025-01-05,Faulty
M01644,C2292,2018-02-03,Faulty
M01645,C0926,2024-03-21,Inactive
M01646,C2221,2021-11-07,Inactive
M01647,C1265,2023-11-02,Faulty
M01648,C0473,2023-07-12,Active
M01649,C1191,2022-09-16,Faulty
M01650,C1800,2024-07-27,Active
M01651,C1174,2016-06-29,Active
M01652,C1231,2021-05-26,Faulty
M01653,C0836,2023-08-01,Inactive
M01654,C1353,2022-02-07,Active
M01655,C2398,2021-02-23,Faulty
M01656,C0025,2025-01-20,Inactive
M01657,C0420,2019-05-15,Inactive
M01658,C1173,2019-07-15,Faulty
M01659,C1921,2021-09-22,Faulty
M01660,C0735,2025-03-19,Active
M01661,C1388,2022-07-11,Inactive
M01662,C1422,2016-06-10,Active
M01663,C0369,2021-01-21,Faulty
M01664,C0991,2017-12-31,Faulty
M01665,C2043,2023-10-26,Inactive
M01666,C1391,2015-10-07,Inactive
M01667,C0770,2020-01-22,Faulty
M01668,C1604,2020-09-12,Faulty
M01669,C0567,2018-09-30,Inactive
M01670,C1026,2023-07-19,Inactive
M01671,C1009,2022-08-14,Faulty
M01672,C1980,2021-11-13,Inactive
M01673,C2021,2024-10-26,Active
M01674,C1999,2022-08-05,Active
M01675,C1154,2017-10-10,Faulty
M01676,C2219,2021-05-03,Faulty
M01677,C1250,2021-12-07,Active
M01678,C1632,2022-08-30,Faulty
M01679,C0518,2018-10-31,Faulty
M01680,C1211,2018-10-02,Inactive
M01681,C1577,2020-05-26,Active
M01682,C2031,2021-10-19,Faulty
M01683,C1403,2019-08-18,Inactive
M01684,C1780,2024-01-17,Inactive
M01685,C1375,2017-03-18,Inactive
M01686,C2135,2021-02-22,Faulty
M01687,C0749,2020-01-21,Faulty
M01688,C1614,2015-11-06,Faulty
M01689,C1433,2017-12-24,Faulty
M01690,C1710,2022-06-03,Active
M01691,C1411,2020-05-08,Inactive
M01692,C1552,2015-06-26,Faulty
M01693,C0174,2023-04-16,Faulty
M01694,C0890,2018-10-11,Faulty
M01695,C0987,2023-01-09,Active
M01696,C1877,2021-07-13,Inactive
M01697,C2445,2024-12-21,Active
M01698,C1827,2016-11-22,Faulty
M01699,C2238,2020-07-06,Faulty
M01700,C0243,2024-10-17,Active
M01701,C2043,2019-10-20,Faulty
M01702,C0975,2018-11-03,Faulty
M01703,C1239,2017-04-22,Inactive
M01704,C0083,2017-05-11,Inactive
M01705,C0960,2020-06-10,Active
M01706,C0865,2018-06-16,Active
M01707,C2365,2016-12-27,Active
M01708,C0968,2016-03-16,Faulty
M01709,C2496,2021-05-09,Active
M01710,C0850,2017-08-05,Inactive
M01711,C0511,2024-01-16,Active
M01712,C1636,2020-07-14,Inactive
M01713,C1524,2017-06-26,Faulty
M01714,C0226,2024-06-15,Faulty
M01715,C1454,2022-08-06,Faulty
M01716,C1239,2019-02-04,Faulty
M01717,C0410,2020-05-17,Active
M01718,C0963,2019-06-08,Faulty
M01719,C1409,2023-07-22,Active
M01720,C1023,2021-12-07,Faulty
M01721,C0847,2022-05-01,Faulty
M01722,C0910,2023-02-28,Faulty
M01723,C0829,2021-02-22,Inactive
M01724,C0409,2024-12-24,Active
M01725,C0402,2017-09-05,Active
M01726,C0838,2023-12-10,Active
M01727,C1320,2023-05-04,Faulty
M01728,C0766,2020-04-19,Faulty
M01729,C0695,2020-01-27,Active
M01730,C0551,2022-09-27,Inactive
M01731,C1614,2016-05-09,Active
M01732,C2277,2015-06-22,Inactive
M01733,C2373,2022-12-01,Inactive
M01734,C0978,2018-04-22,Inactive
M01735,C0933,2017-06-22,Active
M01736,C1358,2021-06-21,Inactive
M01737,C2157,2016-04-04,Inactive
M01738,C0180,2021-06-13,Inactive
M01739,C0961,2021-10-09,Active
M01740,C0301,2019-09-01,Active
M01741,C1331,2016-05-29,Active
M01742,C1437,2016-07-07,Active
M01743,C1325,2025-02-27,Faulty
M01744,C2314,2019-12-16,Faulty
M01745,C2320,2024-02-03,Active
M01746,C2161,2021-09-13,Faulty
M01747,C0998,2021-06-19,Active
M01748,C1233,2023-10-24,Faulty
M01749,C1979,2022-07-22,Faulty
M01750,C0284,2016-05-19,Active
M01751,C0457,2018-09-07,Active
M01752,C2308,2019-01-29,Faulty
M01753,C0368,2020-05-05,Inactive
M01754,C1461,2017-11-18,Faulty
M01755,C1408,2019-08-15,Active
M01756,C1878,2020-01-25,Active
M01757,C1468,2022-06-24,Inactive
M01758,C0882,2017-12-20,Active
M01759,C1422,2021-04-01,Active
M01760,C1912,2015-12-12,Inactive
M01761,C1387,2020-07-11,Active
M01762,C1639,2019-08-28,Faulty
M01763,C1457,2020-07-08,Faulty
M01764,C0474,2017-09-09,Inactive
M01765,C0620,2024-10-15,Faulty
M01766,C1558,2020-10-08,Active
M01767,C1163,2019-12-22,Inactive
M01768,C1333,2020-06-05,Inactive
M01769,C1681,2022-02-11,Active
M01770,C1238,2023-12-12,Active
M01771,C0634,2021-09-28,Faulty
M01772,C2382,2021-10-12,Active
M01773,C0692,2019-09-26,Faulty
M01774,C2468,2021-12-16,Faulty
M01775,C0075,2022-07-21,Faulty
M01776,C1380,2023-11-03,Inactive
M01777,C0242,2021-07-28,Faulty
M01778,C1204,2016-12-15,Active
M01779,C0092,2020-08-16,Faulty
M01780,C1003,2015-10-17,Faulty
M01781,C1367,2021-02-26,Inactive
M01782,C2093,2016-04-04,Active
M01783,C2167,2023-08-21,Active
M01784,C0451,2018-06-27,Inactive
M01785,C0072,2020-02-26,Inactive
M01786,C2197,2016-04-24,Faulty
M01787,C0938,2022-09-19,Faulty
M01788,C1200,2024-05-15,Inactive
M01789,C0900,2019-08-13,Faulty
M01790,C1760,2021-11-07,Active
M01791,C1634,2019-11-26,Inactive
M01792,C1267,2019-06-12,Active
M01793,C1616,2025-01-14,Faulty
M01794,C2158,2019-08-09,Active
M01795,C1923,2024-01-16,Faulty
M01796,C0034,2023-02-19,Inactive
M01797,C0871,2018-08-15,Faulty
M01798,C2260,2018-11-29,Active
M01799,C2298,2025-06-01,Inactive
M01800,C0165,2024-12-24,Faulty
M01801,C1180,2019-12-02,Faulty
M01802,C1821,2017-10-05,Faulty
M01803,C2000,2016-12-25,Faulty
M01804,C1748,2021-09-02,Active
M01805,C1844,2021-03-18,Inactive
M01806,C1149,2018-10-08,Faulty
M01807,C0817,2021-02-12,Inactive
M01808,C1691,2019-10-10,Active
M01809,C2345,2023-11-28,Faulty
M01810,C1240,2019-06-15,Inactive
M01811,C2312,2024-12-28,Active
M01812,C2030,2023-10-18,Faulty
M01813,C1678,2019-11-23,Faulty
M01814,C2014,2024-07-27,Faulty
M01815,C0780,2018-05-17,Inactive
M01816,C0254,2020-03-02,Active
M01817,C0272,2019-04-18,Active
M01818,C0851,2025-04-13,Faulty
M01819,C1123,2019-12-15,Faulty
M01820,C0720,2024-07-11,Active
M01821,C0894,2017-03-26,Active
M01822,C0505,2018-12-16,Active
M01823,C1405,2024-12-17,Active
M01824,C0037,2023-03-20,Active
M01825,C0684,2023-09-24,Inactive
M01826,C0747,2024-10-20,Active
M01827,C1355,2023-08-14,Inactive
M01828,C0361,2024-05-01,Active
M01829,C1076,2022-02-09,Active
M01830,C0270,2021-08-03,Faulty
M01831,C1038,2021-01-19,Faulty
M01832,C0321,2019-11-26,Faulty
M01833,C0774,2017-04-23,Active
M01834,C2158,2015-07-03,Faulty
M01835,C1021,2019-06-11,Inactive
M01836,C0192,2023-02-21,Active
M01837,C1416,2024-10-29,Active
M01838,C2313,2021-02-13,Inactive
M01839,C0373,2020-10-30,Active
M01840,C0965,2021-04-18,Faulty
M01841,C1382,2024-06-03,Faulty
M01842,C1938,2024-10-24,Faulty
M01843,C0238,2023-04-12,Inactive
M01844,C1433,2023-03-11,Inactive
M01845,C0346,2018-12-23,Inactive
M01846,C1870,2019-09-09,Faulty
M01847,C0485,2023-10-15,Faulty
M01848,C1266,2024-08-22,Active
M01849,C0473,2023-09-10,Faulty
M01850,C0575,2021-06-20,Inactive
M01851,C0735,2019-10-27,Active
M01852,C0109,2017-01-21,Faulty
M01853,C1457,2017-12-22,Faulty
M01854,C2328,2024-02-17,Active
M01855,C2060,2020-04-29,Active
M01856,C0841,2021-01-12,Inactive
M01857,C1714,2018-03-30,Faulty
M01858,C1429,2020-06-24,Active
M01859,C1182,2019-07-09,Inactive
M01860,C0628,2017-05-03,Inactive
M01861,C1842,2024-07-10,Faulty
M01862,C1569,2020-06-24,Active
M01863,C2336,2019-10-24,Active
M01864,C0873,2018-06-25,Faulty
M01865,C0438,2016-07-25,Faulty
M01866,C2228,2017-02-11,Inactive
M01867,C0811,2020-11-07,Faulty
M01868,C0856,2024-04-08,Active
M01869,C0903,2019-12-24,Inactive
M01870,C1719,2023-08-14,Active
M01871,C0450,2017-09-19,Inactive
M01872,C0975,2022-03-09,Faulty
M01873,C1135,2018-11-11,Inactive
M01874,C1095,2022-04-03,Active
M01875,C2403,2018-10-28,Active
M01876,C2393,2020-04-23,Active
M01877,C1882,2017-12-23,Faulty
M01878,C1053,2015-07-01,Inactive
M01879,C0500,2015-06-22,Inactive
M01880,C1828,2022-11-01,Faulty
M01881,C1262,2024-07-15,Active
M01882,C0219,2015-10-20,Faulty
M01883,C1792,2021-04-09,Inactive
M01884,C2463,2023-05-12,Faulty
M01885,C0883,2024-10-17,Inactive
M01886,C1400,2019-05-13,Inactive
M01887,C2206,2021-08-26,Faulty
M01888,C2192,2017-06-04,Active
M01889,C0872,2017-08-08,Inactive
M01890,C2257,2022-04-26,Faulty
M01891,C1020,2023-12-31,Faulty
M01892,C1196,2017-09-26,Inactive
M01893,C1136,2016-08-10,Inactive
M01894,C1244,2017-03-08,Inactive
M01895,C0020,2019-08-19,Active
M01896,C0636,2018-02-05,Faulty
M01897,C1230,2016-01-05,Inactive
M01898,C0308,2023-05-05,Faulty
M01899,C1627,2015-09-05,Faulty
M01900,C0451,2021-11-22,Active
M01901,C0853,2023-01-06,Faulty
M01902,C0813,2016-06-17,Inactive
M01903,C0358,2021-12-11,Active
M01904,C1135,2015-12-23,Inactive
M01905,C0144,2015-07-19,Active
M01906,C2052,2018-01-11,Faulty
M01907,C1928,2023-11-19,Active
M01908,C0760,2024-11-28,Faulty
M01909,C0091,2018-08-27,Inactive
M01910,C1594,2024-08-16,Inactive
M01911,C0630,2025-03-18,Faulty
M01912,C0320,2019-02-11,Inactive
M01913,C1934,2020-08-01,Inactive
M01914,C1548,2024-01-12,Inactive
M01915,C0366,2017-08-18,Active
M01916,C1643,2022-06-12,Inactive
M01917,C0450,2018-11-24,Inactive
M01918,C1647,2021-12-23,Active
M01919,C0236,2016-11-16,Faulty
M01920,C0104,2018-04-16,Active
M01921,C1199,2017-12-09,Inactive
M01922,C1150,2015-10-15,Faulty
M01923,C2071,2024-03-25,Active
M01924,C2029,2024-05-20,Inactive
M01925,C0630,2017-01-29,Faulty
M01926,C0874,2023-08-09,Inactive
M01927,C1412,2016-09-12,Inactive
M01928,C0914,2023-08-29,Active
M01929,C2384,2023-03-17,Faulty
M01930,C1447,2025-05-19,Active
M01931,C0668,2025-02-19,Faulty
M01932,C2073,2024-10-29,Active
M01933,C1783,2021-01-11,Inactive
M01934,C1065,2024-02-12,Inactive
M01935,C2066,2024-06-29,Inactive
M01936,C0990,2019-08-21,Active
M01937,C1503,2018-07-12,Inactive
M01938,C2333,2017-09-11,Faulty
M01939,C1484,2022-04-22,Faulty
M01940,C2421,2016-03-30,Active
M01941,C0397,2021-07-08,Active
M01942,C0062,2022-12-07,Inactive
M01943,C1949,2019-01-10,Active
M01944,C0420,2020-01-26,Inactive
M01945,C0408,2015-12-09,Faulty
M01946,C1439,2017-01-28,Inactive
M01947,C2359,2017-07-09,Faulty
M01948,C1949,2018-06-14,Active
M01949,C1964,2020-06-18,Inactive
M01950,C2323,2021-09-21,Active
M01951,C0346,2023-06-08,Faulty
M01952,C0600,2019-01-03,Inactive
M01953,C1857,2023-11-03,Active
M01954,C2403,2020-04-05,Active
M01955,C1897,2021-11-28,Inactive
M01956,C0694,2022-04-12,Active
M01957,C2417,2018-01-14,Active
M01958,C1739,2021-06-06,Inactive
M01959,C0091,2017-10-28,Active
M01960,C0362,2021-07-15,Faulty
M01961,C0124,2022-12-01,Active
M01962,C2380,2019-08-10,Faulty
M01963,C2291,2025-06-04,Active
M01964,C0664,2024-01-11,Faulty
M01965,C0460,2023-01-29,Active
M01966,C0308,2023-10-28,Active
M01967,C1187,2017-05-27,Faulty
M01968,C0612,2020-08-03,Faulty
M01969,C1031,2020-05-31,Inactive
M01970,C0106,2021-05-09,Faulty
M01971,C1315,2019-04-19,Faulty
M01972,C0939,2022-06-20,Inactive
M01973,C0120,2016-02-11,Active
M01974,C1049,2017-02-02,Inactive
M01975,C2247,2018-02-18,Active
M01976,C0143,2016-04-30,Inactive
M01977,C0323,2018-03-27,Inactive
M01978,C2218,2017-09-22,Faulty
M01979,C0944,2022-07-04,Faulty
M01980,C0670,2016-12-16,Faulty
M01981,C1157,2016-09-13,Faulty
M01982,C1467,2019-10-27,Active
M01983,C2347,2024-10-04,Faulty
M01984,C0932,2017-10-29,Faulty
M01985,C1080,2017-02-11,Inactive
M01986,C0720,2017-08-07,Faulty
M01987,C1444,2016-08-24,Inactive
M01988,C2394,2025-03-08,Active
M01989,C2348,2016-05-27,Active
M01990,C1478,2024-07-10,Inactive
M01991,C0798,2019-08-20,Inactive
M01992,C1392,2019-08-27,Faulty
M01993,C0765,2015-12-24,Active
M01994,C0011,2018-12-21,Faulty
M01995,C2465,2015-10-21,Inactive
M01996,C1967,2021-07-11,Faulty
M01997,C1102,2022-06-04,Faulty
M01998,C1654,2018-06-04,Active
M01999,C1589,2019-12-03,Faulty
M02000,C1529,2015-11-04,Faulty
M02001,C1687,2022-11-03,Faulty
M02002,C1709,2017-07-28,Inactive
M02003,C0889,2021-12-28,Active
M02004,C0300,2021-12-27,Inactive
M02005,C1254,2023-08-21,Faulty
M02006,C1234,2025-05-10,Faulty
M02007,C2022,2016-01-25,Active
M02008,C0877,2017-03-03,Active
M02009,C0238,2021-02-26,Inactive
M02010,C0068,2017-10-18,Active
M02011,C0609,2021-02-11,Faulty
M02012,C2430,2021-07-18,Active
M02013,C2179,2022-09-19,Faulty
M02014,C2015,2015-07-03,Active
M02015,C1681,2025-04-06,Faulty
M02016,C1907,2024-06-11,Active
M02017,C1593,2017-10-16,Inactive
M02018,C1877,2016-07-06,Faulty
M02019,C1069,2015-11-24,Inactive
M02020,C0063,2018-05-30,Faulty
M02021,C2238,2015-07-05,Inactive
M02022,C2435,2016-09-26,Active
M02023,C1533,2018-12-13,Active
M02024,C2333,2016-01-21,Faulty
M02025,C2009,2016-01-23,Inactive
M02026,C1654,2019-06-06,Inactive
M02027,C2349,2022-10-18,Faulty
M02028,C0009,2017-05-02,Active
M02029,C0076,2017-06-01,Inactive
M02030,C0153,2018-11-23,Active
M02031,C0508,2019-09-10,Inactive
M02032,C2029,2020-06-01,Active
M02033,C2204,2019-05-02,Faulty
M02034,C1848,2017-11-17,Faulty
M02035,C1622,2022-02-14,Active
M02036,C1632,2021-06-15,Active
M02037,C0040,2023-04-26,Inactive
M02038,C1460,2020-01-16,Faulty
M02039,C0783,2016-09-12,Active
M02040,C1695,2016-12-05,Faulty
M02041,C0182,2020-04-18,Faulty
M02042,C0073,2022-10-20,Active
M02043,C0630,2023-08-14,Active
M02044,C0964,2021-03-14,Faulty
M02045,C2281,2016-07-31,Active
M02046,C0702,2024-02-24,Faulty
M02047,C2475,2016-07-05,Faulty
M02048,C1939,2022-08-22,Inactive
M02049,C0713,2022-04-25,Active
M02050,C0757,2016-06-04,Faulty
M02051,C0642,2020-07-03,Inactive
M02052,C0664,2017-04-07,Active
M02053,C0878,2021-10-17,Active
M02054,C0936,2016-09-15,Faulty
M02055,C2463,2020-04-29,Faulty
M02056,C0015,2015-09-10,Active
M02057,C1317,2016-01-14,Active
M02058,C2142,2025-06-11,Active
M02059,C0764,2020-02-06,Inactive
M02060,C2192,2020-12-17,Inactive
M02061,C0108,2017-01-14,Inactive
M02062,C0837,2019-12-12,Inactive
M02063,C2017,2019-08-21,Faulty
M02064,C2188,2017-10-11,Faulty
M02065,C1260,2024-04-07,Active
M02066,C0772,2017-12-30,Inactive
M02067,C0521,2021-05-25,Faulty
M02068,C2204,2017-01-21,Active
M02069,C2132,2017-04-26,Inactive
M02070,C1077,2020-05-08,Faulty
M02071,C1685,2024-09-04,Active
M02072,C2184,2015-10-18,Inactive
M02073,C0486,2022-12-21,Active
M02074,C1033,2017-04-28,Faulty
M02075,C1673,2015-12-20,Inactive
M02076,C0106,2018-09-10,Faulty
M02077,C2245,2018-10-10,Active
M02078,C1972,2020-05-28,Faulty
M02079,C1473,2023-01-07,Active
M02080,C2258,2018-10-26,Inactive
M02081,C1548,2021-04-12,Faulty
M02082,C1683,2022-02-12,Active
M02083,C0147,2022-07-04,Faulty
M02084,C1846,2016-12-08,Inactive
M02085,C2309,2017-03-27,Inactive
M02086,C1666,2017-01-31,Inactive
M02087,C0875,2018-08-17,Active
M02088,C0022,2020-11-07,Inactive
M02089,C2386,2021-01-25,Active
M02090,C1868,2018-01-11,Faulty
M02091,C0952,2022-02-19,Inactive
M02092,C0217,2023-11-30,Faulty
M02093,C2270,2021-12-23,Active
M02094,C1932,2024-08-10,Active
M02095,C1313,2024-12-20,Inactive
M02096,C1031,2018-08-08,Faulty
M02097,C1630,2022-09-18,Active
M02098,C0900,2017-09-02,Faulty
M02099,C0092,2025-05-24,Faulty
M02100,C0321,2021-09-25,Inactive
M02101,C1118,2022-11-25,Active
M02102,C1072,2020-02-27,Faulty
M02103,C0332,2021-01-14,Active
M02104,C1241,2018-06-13,Inactive
M02105,C1374,2017-12-30,Active
M02106,C1717,2020-11-17,Active
M02107,C1181,2019-08-28,Faulty
M02108,C0230,2024-03-18,Faulty
M02109,C0992,2019-07-08,Inactive
M02110,C2082,2019-07-04,Active
M02111,C2494,2024-02-05,Inactive
M02112,C1869,2021-01-13,Faulty
M02113,C0860,2022-07-24,Inactive
M02114,C1601,2024-05-03,Active
M02115,C0026,2019-04-07,Inactive
M02116,C1871,2020-03-28,Faulty
M02117,C1945,2017-08-18,Faulty
M02118,C1859,2021-09-25,Active
M02119,C1521,2018-06-20,Inactive
M02120,C0057,2024-05-28,Active
M02121,C2479,2023-03-16,Inactive
M02122,C1272,2025-03-05,Inactive
M02123,C1638,2023-10-04,Active
M02124,C1012,2018-12-22,Inactive
M02125,C0916,2023-02-08,Faulty
M02126,C2000,2023-09-28,Inactive
M02127,C1769,2024-06-12,Active
M02128,C1817,2016-02-17,Faulty
M02129,C0012,2019-12-06,Faulty
M02130,C2492,2022-08-05,Faulty
M02131,C2265,2019-08-25,Inactive
M02132,C1035,2023-04-17,Faulty
M02133,C1675,2020-05-29,Active
M02134,C0200,2018-12-25,Inactive
M02135,C2123,2016-08-18,Inactive
M02136,C2183,2018-09-18,Faulty
M02137,C1283,2025-02-02,Active
M02138,C2027,2022-04-24,Faulty
M02139,C1301,2019-09-25,Inactive
M02140,C1218,2024-12-21,Active
M02141,C1055,2015-10-20,Faulty
M02142,C1904,2016-11-17,Inactive
M02143,C2008,2020-03-27,Faulty
M02144,C0208,2015-07-05,Faulty
M02145,C2219,2021-10-31,Faulty
M02146,C1829,2021-09-20,Active
M02147,C2011,2020-03-08,Inactive
M02148,C1988,2021-01-18,Inactive
M02149,C1059,2018-04-22,Active
M02150,C1088,2025-02-06,Inactive
M02151,C2279,2020-04-24,Inactive
M02152,C0521,2019-07-21,Active
M02153,C2319,2020-06-20,Faulty
M02154,C0652,2023-05-06,Inactive
M02155,C0432,2017-11-13,Inactive
M02156,C1735,2017-03-28,Inactive
M02157,C0074,2020-09-25,Faulty
M02158,C0808,2022-07-22,Inactive
M02159,C1268,2017-06-01,Inactive
M02160,C1524,2021-06-06,Active
M02161,C0969,2023-05-08,Inactive
M02162,C2357,2021-03-26,Faulty
M02163,C0599,2017-07-21,Inactive
M02164,C0367,2022-08-05,Faulty
M02165,C1910,2018-06-22,Inactive
M02166,C1332,2017-09-11,Active
M02167,C2216,2020-09-11,Active
M02168,C1967,2021-09-26,Inactive
M02169,C1463,2017-11-13,Faulty
M02170,C1723,2019-12-03,Active
M02171,C1107,2023-02-10,Inactive
M02172,C1900,2018-12-11,Faulty
M02173,C1896,2020-07-03,Active
M02174,C2411,2024-10-19,Inactive
M02175,C1942,2025-01-31,Inactive
M02176,C1727,2023-07-18,Faulty
M02177,C1783,2018-07-01,Inactive
M02178,C2478,2020-06-27,Active
M02179,C1783,2025-06-11,Inactive
M02180,C1267,2020-01-19,Active
M02181,C0560,2024-06-17,Inactive
M02182,C0101,2025-05-28,Faulty
M02183,C0050,2022-04-18,Inactive
M02184,C0830,2018-05-29,Active
M02185,C2101,2017-01-23,Active
M02186,C2053,2019-02-02,Active
M02187,C0489,2021-04-05,Faulty
M02188,C0155,2016-04-08,Inactive
M02189,C1716,2020-05-16,Faulty
M02190,C2066,2023-07-08,Active
M02191,C0069,2019-08-20,Active
M02192,C2225,2015-11-11,Active
M02193,C1744,2017-09-22,Active
M02194,C0746,2024-09-13,Inactive
M02195,C0628,2018-10-29,Inactive
M02196,C0849,2017-10-14,Faulty
M02197,C0222,2021-03-17,Inactive
M02198,C1903,2015-07-24,Inactive
M02199,C0744,2018-11-20,Active
M02200,C2032,2018-04-06,Active
M02201,C0682,2020-04-02,Faulty
M02202,C0326,2022-12-27,Faulty
M02203,C1771,2023-07-20,Active
M02204,C1746,2016-06-04,Faulty
M02205,C1279,2017-09-05,Active
M02206,C0805,2017-02-22,Faulty
M02207,C1974,2020-12-22,Inactive
M02208,C0851,2022-01-02,Inactive
M02209,C0289,2022-04-04,Active
M02210,C2232,2019-04-03,Faulty
M02211,C1832,2020-10-20,Active
M02212,C0603,2024-07-29,Inactive
M02213,C2194,2016-03-14,Active
M02214,C1208,2023-04-02,Faulty
M02215,C0520,2022-11-29,Faulty
M02216,C2228,2022-12-17,Faulty
M02217,C2104,2021-12-28,Active
M02218,C0081,2017-09-05,Active
M02219,C1322,2019-04-12,Active
M02220,C0553,2016-05-18,Inactive
M02221,C0804,2024-01-05,Active
M02222,C0509,2020-05-07,Faulty
M02223,C0232,2023-02-08,Inactive
M02224,C0879,2020-03-22,Faulty
M02225,C1003,2025-06-06,Faulty
M02226,C2388,2016-07-16,Active
M02227,C2325,2021-06-15,Faulty
M02228,C1184,2016-07-22,Active
M02229,C0392,2019-04-04,Active
M02230,C1551,2018-08-20,Faulty
M02231,C0335,2020-09-01,Faulty
M02232,C0545,2023-07-13,Inactive
M02233,C1143,2023-07-01,Inactive
M02234,C2135,2016-03-16,Active
M02235,C2325,2020-03-09,Inactive
M02236,C0358,2021-12-04,Inactive
M02237,C0362,2025-04-19,Inactive
M02238,C1512,2019-06-07,Inactive
M02239,C1932,2018-12-26,Faulty
M02240,C1131,2017-10-07,Inactive
M02241,C1206,2019-09-30,Inactive
M02242,C0908,2017-01-31,Faulty
M02243,C1744,2021-07-02,Faulty
M02244,C2062,2019-10-31,Faulty
M02245,C0290,2015-11-24,Faulty
M02246,C1810,2023-12-07,Faulty
M02247,C0086,2024-10-27,Inactive
M02248,C2112,2023-06-21,Active
M02249,C2399,2019-11-06,Inactive
M02250,C1974,2025-03-24,Inactive
M02251,C1846,2017-01-12,Faulty
M02252,C2153,2020-12-02,Faulty
M02253,C0545,2015-11-11,Active
M02254,C0706,2022-07-25,Faulty
M02255,C2241,2023-06-03,Faulty
M02256,C0983,2022-01-07,Faulty
M02257,C2010,2022-07-19,Faulty
M02258,C0737,2020-05-25,Active
M02259,C0842,2017-10-18,Inactive
M02260,C0250,2021-04-16,Active
M02261,C1588,2021-04-26,Faulty
M02262,C0081,2016-01-13,Active
M02263,C2001,2024-12-30,Inactive
M02264,C1271,2021-04-09,Inactive
M02265,C1327,2021-08-22,Inactive
M02266,C2355,2020-03-15,Faulty
M02267,C0114,2023-01-07,Active
M02268,C2320,2021-11-20,Active
M02269,C1302,2021-02-19,Faulty
M02270,C0388,2018-05-24,Faulty
M02271,C2463,2021-08-28,Inactive
M02272,C1421,2023-02-12,Faulty
M02273,C1784,2020-12-22,Inactive
M02274,C0976,2018-02-05,Faulty
M02275,C0327,2023-04-23,Active
M02276,C2068,2023-04-24,Active
M02277,C1624,2020-07-14,Faulty
M02278,C2253,2017-05-10,Faulty
M02279,C0913,2016-10-11,Faulty
M02280,C1335,2022-09-28,Inactive
M02281,C2126,2016-03-20,Faulty
M02282,C1974,2017-04-20,Inactive
M02283,C0051,2018-01-18,Faulty
M02284,C0113,2015-10-17,Faulty
M02285,C1443,2019-01-06,Inactive
M02286,C0399,2017-12-14,Faulty
M02287,C0364,2018-01-24,Active
M02288,C1446,2016-04-29,Faulty
M02289,C1746,2022-04-24,Faulty
M02290,C1292,2022-07-15,Faulty
M02291,C0914,2023-01-29,Active
M02292,C1533,2015-07-31,Active
M02293,C2462,2021-07-07,Faulty
M02294,C0199,2024-08-21,Active
M02295,C0665,2021-11-06,Inactive
M02296,C1702,2017-01-25,Faulty
M02297,C0592,2017-04-06,Faulty
M02298,C1158,2019-05-24,Faulty
M02299,C0327,2016-07-10,Faulty
M02300,C0879,2020-06-03,Inactive
M02301,C0819,2017-10-22,Inactive
M02302,C2081,2015-12-26,Inactive
M02303,C1919,2016-11-10,Faulty
M02304,C1773,2020-08-22,Active
M02305,C1671,2016-07-05,Faulty
M02306,C1008,2022-09-28,Inactive
M02307,C0906,2023-04-22,Faulty
M02308,C0847,2024-09-12,Faulty
M02309,C0368,2017-03-15,Faulty
M02310,C0158,2023-06-29,Faulty
M02311,C0562,2017-12-21,Active
M02312,C0830,2018-05-03,Active
M02313,C0498,2024-04-12,Active
M02314,C1851,2015-10-09,Active
M02315,C1287,2020-03-12,Faulty
M02316,C0392,2023-07-10,Faulty
M02317,C2140,2023-10-21,Faulty
M02318,C0229,2024-03-11,Inactive
M02319,C2406,2016-04-07,Active
M02320,C0882,2019-12-30,Faulty
M02321,C0624,2024-07-13,Active
M02322,C2035,2016-12-16,Inactive
M02323,C2232,2015-06-27,Inactive
M02324,C2275,2019-09-12,Inactive
M02325,C0757,2021-03-18,Inactive
M02326,C0818,2022-11-01,Faulty
M02327,C1351,2022-08-02,Active
M02328,C2093,2025-01-10,Inactive
M02329,C2410,2015-07-19,Faulty
M02330,C1116,2016-10-03,Inactive
M02331,C1485,2017-12-02,Active
M02332,C0982,2018-02-06,Active
M02333,C0321,2025-01-22,Active
M02334,C1956,2019-02-20,Faulty
M02335,C0276,2020-01-15,Active
M02336,C1861,2022-02-12,Faulty
M02337,C1126,2017-01-10,Active
M02338,C1410,2023-04-21,Inactive
M02339,C2052,2019-02-07,Active
M02340,C1831,2023-09-13,Active
M02341,C0216,2021-10-10,Active
M02342,C1328,2018-11-25,Inactive
M02343,C0132,2025-03-16,Active
M02344,C1920,2016-02-18,Active
M02345,C0002,2020-09-17,Active
M02346,C1854,2020-05-24,Inactive
M02347,C2359,2023-07-22,Active
M02348,C2009,2021-08-22,Faulty
M02349,C0067,2019-05-23,Active
M02350,C2268,2015-11-23,Active
M02351,C1023,2015-12-01,Active
M02352,C2162,2018-05-13,Active
M02353,C1881,2016-06-19,Active
M02354,C0900,2024-05-14,Active
M02355,C0656,2015-09-02,Faulty
M02356,C2344,2023-02-05,Active
M02357,C0784,2019-04-22,Active
M02358,C0422,2016-04-29,Faulty
M02359,C1439,2024-10-22,Faulty
M02360,C0962,2017-07-07,Inactive
M02361,C1465,2024-10-12,Active
M02362,C0050,2017-11-08,Inactive
M02363,C2313,2023-10-10,Faulty
M02364,C1717,2024-02-11,Inactive
M02365,C0367,2022-09-06,Active
M02366,C1475,2019-05-20,Active
M02367,C1870,2022-04-29,Inactive
M02368,C1384,2017-04-18,Active
M02369,C2321,2023-12-17,Faulty
M02370,C0141,2018-05-04,Active
M02371,C1220,2019-03-08,Faulty
M02372,C2420,2022-04-05,Faulty
M02373,C0806,2016-03-07,Active
M02374,C1677,2022-08-04,Inactive
M02375,C1696,2021-07-10,Faulty
M02376,C1793,2025-03-03,Faulty
M02377,C2054,2017-04-24,Inactive
M02378,C2070,2023-10-27,Active
M02379,C1812,2022-12-04,Faulty
M02380,C1075,2019-01-23,Inactive
M02381,C0891,2016-08-14,Faulty
M02382,C1716,2016-10-22,Active
M02383,C2315,2017-10-12,Faulty
M02384,C0783,2019-06-25,Inactive
M02385,C0959,2020-09-25,Active
M02386,C0009,2016-02-26,Active
M02387,C2128,2020-04-18,Active
M02388,C1859,2016-01-21,Inactive
M02389,C0699,2023-02-08,Faulty
M02390,C0462,2018-05-20,Active
M02391,C2022,2019-07-26,Faulty
M02392,C1813,2023-06-06,Faulty
M02393,C0117,2025-04-20,Inactive
M02394,C1830,2024-05-05,Inactive
M02395,C1539,2023-01-12,Faulty
M02396,C1818,2016-11-07,Faulty
M02397,C0319,2016-03-09,Faulty
M02398,C1197,2019-12-20,Active
M02399,C1220,2022-04-19,Faulty
M02400,C0898,2018-10-03,Faulty
M02401,C0873,2022-09-15,Inactive
M02402,C1543,2022-09-27,Inactive
M02403,C0642,2023-01-09,Faulty
M02404,C1519,2017-12-28,Inactive
M02405,C0464,2017-04-26,Active
M02406,C0452,2021-12-06,Faulty
M02407,C1034,2023-02-24,Active
M02408,C1868,2019-09-08,Inactive
M02409,C0876,2018-09-25,Faulty
M02410,C0392,2021-08-03,Inactive
M02411,C1662,2025-01-20,Active
M02412,C1661,2025-03-12,Active
M02413,C2125,2019-05-19,Active
M02414,C1855,2024-04-19,Faulty
M02415,C1043,2025-01-11,Inactive
M02416,C1836,2016-12-24,Faulty
M02417,C1201,2018-02-03,Inactive
M02418,C0681,2018-10-16,Faulty
M02419,C0628,2018-04-12,Inactive
M02420,C0258,2021-05-28,Inactive
M02421,C1276,2016-11-01,Active
M02422,C0687,2024-11-05,Active
M02423,C2394,2016-02-01,Inactive
M02424,C1534,2017-06-05,Inactive
M02425,C2068,2016-03-20,Faulty
M02426,C0157,2017-06-23,Faulty
M02427,C0379,2015-11-27,Inactive
M02428,C1437,2021-12-25,Inactive
M02429,C1908,2025-04-08,Inactive
M02430,C2092,2021-05-22,Active
M02431,C0210,2021-04-16,Inactive
M02432,C1902,2025-06-07,Faulty
M02433,C2190,2015-12-20,Inactive
M02434,C0383,2018-05-01,Inactive
M02435,C0141,2017-11-05,Inactive
M02436,C0902,2021-04-17,Faulty
M02437,C1395,2023-11-28,Inactive
M02438,C1067,2017-10-09,Faulty
M02439,C0108,2022-08-18,Faulty
M02440,C0407,2023-03-20,Faulty
M02441,C0018,2023-02-12,Faulty
M02442,C1065,2025-01-08,Active
M02443,C2315,2016-01-20,Faulty
M02444,C1560,2021-09-25,Faulty
M02445,C1756,2020-08-23,Faulty
M02446,C0778,2017-07-26,Faulty
M02447,C1482,2016-10-15,Inactive
M02448,C1502,2016-05-23,Active
M02449,C1830,2022-09-30,Inactive
M02450,C1887,2023-08-29,Active
M02451,C0139,2015-10-08,Active
M02452,C2205,2021-02-11,Faulty
M02453,C0962,2015-10-26,Faulty
M02454,C2066,2018-01-17,Active
M02455,C0176,2016-02-15,Inactive
M02456,C1881,2016-06-10,Inactive
M02457,C1716,2017-07-15,Inactive
M02458,C1527,2020-06-19,Active
M02459,C2362,2021-01-25,Inactive
M02460,C1495,2024-04-15,Active
M02461,C1159,2016-10-22,Active
M02462,C0276,2019-06-13,Inactive
M02463,C2304,2021-05-20,Faulty
M02464,C2335,2021-03-09,Faulty
M02465,C1587,2018-10-17,Active
M02466,C2359,2021-05-26,Faulty
M02467,C1097,2021-08-14,Inactive
M02468,C1424,2016-01-04,Inactive
M02469,C2451,2024-08-14,Inactive
M02470,C1590,2025-06-14,Inactive
M02471,C1233,2016-06-19,Faulty
M02472,C1003,2019-05-08,Inactive
M02473,C0954,2023-03-06,Active
M02474,C1108,2020-12-28,Active
M02475,C0601,2025-02-16,Active
M02476,C0496,2021-04-06,Faulty
M02477,C1469,2015-08-26,Inactive
M02478,C0537,2017-11-03,Active
M02479,C0023,2020-07-17,Inactive
M02480,C1590,2015-07-05,Active
M02481,C2266,2019-12-17,Inactive
M02482,C0430,2022-02-18,Faulty
M02483,C0569,2023-03-03,Active
M02484,C2149,2021-06-15,Faulty
M02485,C1499,2017-03-27,Faulty
M02486,C1571,2017-11-10,Faulty
M02487,C1021,2024-07-04,Faulty
M02488,C1699,2023-07-26,Faulty
M02489,C0284,2021-10-17,Faulty
M02490,C2301,2018-11-07,Inactive
M02491,C2342,2017-06-01,Active
M02492,C1320,2021-01-17,Inactive
M02493,C1540,2021-03-22,Inactive
M02494,C1491,2019-04-08,Faulty
M02495,C0635,2017-09-15,Active
M02496,C0324,2019-08-29,Faulty
M02497,C1442,2022-05-23,Active
M02498,C0370,2022-08-19,Inactive
M02499,C1741,2019-10-29,Inactive
M02500,C0174,2018-02-18,Inactive
