cartID,userID,productID,quantity,addedDate
C10001,U00169,P01438,3,2025-02-19
C10002,U01362,P00613,5,2024-11-09
C10003,U00613,P01283,5,2025-04-08
C10004,U01183,P01402,3,2025-01-15
C10005,U00058,P01363,1,2024-09-27
C10006,U02063,P01341,2,2024-12-13
C10007,U02037,P00551,1,2024-12-21
C10008,U01254,P00712,2,2024-07-19
C10009,U01090,P00951,2,2025-01-13
C10010,U01055,P00937,4,2024-08-23
C10011,U01219,P01438,3,2024-08-10
C10012,U02367,P00127,3,2025-04-05
C10013,U01514,P00442,3,2024-10-25
C10014,U00469,P00291,5,2024-10-06
C10015,U01819,P00108,3,2025-01-21
C10016,U00365,P01359,4,2024-08-15
C10017,U01933,P01196,5,2025-06-12
C10018,U01077,P01413,1,2025-04-04
C10019,U02699,P00742,5,2024-09-02
C10020,U00666,P01446,3,2025-03-17
C10021,U00731,P01146,5,2025-03-09
C10022,U00631,P00012,4,2024-09-02
C10023,U01953,P00672,5,2024-11-26
C10024,U01816,P00767,5,2024-08-03
C10025,U01093,P01135,3,2024-10-26
C10026,U02313,P00882,2,2024-09-02
C10027,U01282,P00542,4,2024-10-27
C10028,U01249,P00876,5,2024-07-01
C10029,U00689,P00392,3,2025-01-18
C10030,U00341,P01351,3,2024-11-29
C10031,U02968,P00056,2,2024-10-11
C10032,U02814,P00886,3,2024-10-29
C10033,U02243,P01395,5,2024-09-17
C10034,U02337,P01229,5,2024-07-11
C10035,U02094,P01241,2,2025-02-01
C10036,U02645,P00609,4,2024-09-03
C10037,U01278,P00571,3,2024-12-27
C10038,U01064,P01336,1,2025-04-05
C10039,U00375,P00249,3,2024-09-30
C10040,U02319,P00134,3,2025-01-10
C10041,U00544,P01187,3,2025-02-23
C10042,U00782,P01056,4,2024-09-08
C10043,U01857,P00923,4,2025-05-03
C10044,U01700,P00882,5,2024-10-08
C10045,U02170,P00997,5,2025-03-26
C10046,U00480,P01152,2,2025-04-07
C10047,U01679,P00047,2,2025-02-16
C10048,U00390,P01495,3,2024-09-17
C10049,U02608,P00180,2,2024-07-18
C10050,U00903,P00152,4,2025-03-12
C10051,U01179,P00562,5,2025-06-17
C10052,U00638,P00700,4,2024-12-07
C10053,U01048,P00295,5,2025-01-16
C10054,U01676,P00252,1,2024-07-18
C10055,U02209,P00915,2,2024-12-26
C10056,U02431,P00087,3,2024-08-23
C10057,U02062,P00779,1,2025-05-19
C10058,U00955,P01428,4,2024-08-16
C10059,U00466,P01064,5,2025-01-05
C10060,U02432,P00350,5,2025-04-07
C10061,U01324,P00287,3,2024-07-16
C10062,U00954,P01349,3,2024-12-07
C10063,U01025,P00766,4,2025-02-18
C10064,U00622,P00828,4,2024-08-11
C10065,U02949,P00814,3,2024-10-17
C10066,U01016,P00771,3,2025-03-25
C10067,U02890,P00650,5,2024-08-04
C10068,U00408,P01267,1,2024-07-09
C10069,U02393,P00223,1,2025-05-30
C10070,U01651,P00233,1,2024-11-12
C10071,U00234,P01337,3,2025-01-09
C10072,U00462,P00117,5,2025-06-08
C10073,U00556,P00596,2,2024-12-17
C10074,U00003,P01143,1,2025-01-01
C10075,U01040,P00399,2,2025-04-29
C10076,U01293,P01396,1,2024-11-29
C10077,U00505,P01134,5,2024-12-09
C10078,U00099,P00583,3,2024-11-16
C10079,U02289,P01143,3,2024-10-06
C10080,U00324,P00003,3,2024-08-27
C10081,U01425,P00316,1,2024-11-15
C10082,U02557,P00576,4,2025-02-28
C10083,U00470,P00240,5,2024-10-07
C10084,U02384,P00081,3,2024-10-12
C10085,U01000,P01409,2,2025-04-22
C10086,U02678,P00309,4,2024-11-11
C10087,U01116,P00836,4,2025-02-09
C10088,U01024,P00335,3,2024-11-17
C10089,U00629,P00654,5,2024-08-10
C10090,U00621,P00806,2,2024-12-29
C10091,U01700,P01133,5,2025-01-05
C10092,U02166,P00540,1,2024-08-17
C10093,U01843,P00286,3,2024-07-29
C10094,U00656,P00187,5,2025-02-06
C10095,U01334,P01228,1,2025-03-26
C10096,U00236,P00577,4,2025-01-21
C10097,U02978,P00642,3,2024-07-11
C10098,U00497,P00054,5,2024-12-31
C10099,U01856,P00386,1,2024-11-28
C10100,U02527,P00300,1,2024-11-23
C10101,U02506,P01105,2,2025-02-12
C10102,U02358,P01112,2,2025-04-18
C10103,U00083,P00044,2,2025-02-02
C10104,U02586,P00346,4,2024-09-06
C10105,U02032,P00375,2,2025-03-09
C10106,U02594,P00616,3,2024-12-30
C10107,U01410,P01144,4,2024-11-01
C10108,U00006,P01001,4,2024-06-24
C10109,U01250,P00707,1,2024-11-24
C10110,U02999,P00286,1,2024-10-19
C10111,U00781,P01399,1,2024-07-30
C10112,U02128,P00011,4,2025-05-13
C10113,U01291,P00893,4,2025-02-03
C10114,U02234,P00934,3,2025-05-10
C10115,U00268,P01300,5,2024-10-30
C10116,U00933,P00978,3,2025-06-09
C10117,U02494,P00575,2,2024-10-25
C10118,U02626,P01156,5,2025-02-22
C10119,U01177,P01010,3,2024-10-16
C10120,U00661,P00300,1,2025-05-18
C10121,U02237,P00936,3,2024-12-07
C10122,U01089,P01081,1,2025-04-28
C10123,U00577,P01061,4,2024-08-30
C10124,U02908,P00231,2,2024-12-02
C10125,U01143,P00131,1,2025-06-10
C10126,U00750,P00693,1,2025-04-10
C10127,U02108,P00995,3,2025-05-17
C10128,U01542,P01251,3,2025-05-03
C10129,U01639,P01236,1,2024-10-28
C10130,U01005,P00145,1,2024-06-24
C10131,U02886,P00445,3,2024-07-01
C10132,U02785,P00609,3,2024-12-22
C10133,U01460,P00197,5,2024-12-09
C10134,U00912,P00324,2,2024-09-14
C10135,U00332,P00967,5,2024-08-01
C10136,U00961,P00680,1,2025-02-06
C10137,U00917,P00950,1,2025-05-22
C10138,U00764,P00083,1,2024-10-20
C10139,U02065,P01448,4,2025-06-02
C10140,U01893,P01199,1,2024-11-28
C10141,U02068,P00720,3,2025-05-06
C10142,U01561,P00776,4,2025-06-08
C10143,U02515,P01230,1,2024-07-06
C10144,U01427,P00672,2,2024-08-11
C10145,U02813,P00097,1,2025-06-05
C10146,U01635,P00336,3,2025-03-27
C10147,U00052,P00649,1,2025-01-06
C10148,U02827,P01463,2,2024-07-31
C10149,U02146,P00824,1,2025-03-21
C10150,U01574,P01311,2,2024-09-29
C10151,U00436,P00858,4,2024-11-24
C10152,U00919,P00284,4,2025-01-17
C10153,U00021,P01131,1,2024-07-01
C10154,U00628,P01289,2,2024-07-20
C10155,U01846,P00733,1,2025-06-01
C10156,U02998,P01012,1,2025-04-13
C10157,U01692,P00299,1,2024-07-14
C10158,U00980,P01435,1,2024-12-26
C10159,U00641,P01200,3,2024-06-21
C10160,U02118,P01014,4,2024-10-15
C10161,U01356,P01323,1,2024-12-12
C10162,U00354,P00758,5,2025-06-01
C10163,U00586,P00714,4,2025-04-30
C10164,U00816,P00542,5,2025-05-24
C10165,U00139,P00033,4,2025-02-18
C10166,U00331,P00898,4,2024-11-09
C10167,U01216,P00263,5,2025-02-25
C10168,U02975,P00564,3,2024-09-30
C10169,U02586,P00510,5,2025-03-18
C10170,U01331,P00970,2,2025-01-25
C10171,U02002,P01326,3,2024-07-31
C10172,U00626,P01088,2,2024-07-27
C10173,U02594,P00338,3,2025-03-31
C10174,U00619,P00035,4,2024-11-04
C10175,U02458,P01356,5,2025-04-27
C10176,U02326,P00829,2,2025-05-13
C10177,U02813,P01388,1,2025-05-21
C10178,U02769,P00495,1,2024-09-02
C10179,U02803,P01294,4,2025-04-14
C10180,U00981,P00634,1,2024-07-17
C10181,U01978,P00055,5,2024-12-24
C10182,U02364,P00919,1,2025-05-05
C10183,U02896,P00214,3,2025-03-19
C10184,U00911,P00824,3,2025-01-19
C10185,U02837,P01113,5,2024-09-23
C10186,U02229,P00046,3,2024-06-28
C10187,U01032,P01012,2,2024-09-17
C10188,U02275,P01323,5,2024-11-26
C10189,U02982,P00119,1,2024-07-03
C10190,U00173,P01144,1,2024-10-31
C10191,U00840,P01011,2,2024-10-08
C10192,U00772,P01074,1,2024-08-03
C10193,U02147,P00034,5,2024-10-20
C10194,U02737,P00452,1,2025-05-10
C10195,U02393,P01067,2,2025-02-16
C10196,U01117,P00640,5,2024-12-14
C10197,U01899,P00003,1,2024-07-12
C10198,U01035,P00686,1,2024-11-27
C10199,U02814,P01191,1,2024-08-17
C10200,U02883,P00213,3,2024-12-13
C10201,U00534,P00730,4,2024-08-17
C10202,U00752,P00089,3,2025-04-29
C10203,U01340,P00306,5,2024-10-19
C10204,U01829,P00017,1,2024-12-08
C10205,U01418,P01331,4,2025-02-18
C10206,U01503,P00529,5,2024-12-30
C10207,U00098,P00722,3,2025-04-18
C10208,U01401,P00835,1,2025-01-03
C10209,U02420,P01382,2,2024-08-16
C10210,U00058,P00653,1,2025-04-05
C10211,U00444,P01032,4,2024-07-29
C10212,U02570,P00413,2,2024-07-17
C10213,U00441,P01235,4,2024-10-06
C10214,U02341,P01290,4,2024-11-07
C10215,U00635,P01360,3,2024-06-21
C10216,U00617,P00053,2,2025-06-14
C10217,U00616,P00058,4,2024-11-13
C10218,U02738,P00823,2,2025-06-05
C10219,U01791,P01229,5,2024-09-09
C10220,U02036,P00054,1,2024-12-16
C10221,U01358,P01303,2,2024-09-01
C10222,U00952,P01458,4,2025-02-22
C10223,U02387,P01272,2,2024-09-20
C10224,U00853,P00376,4,2025-01-29
C10225,U02823,P01325,3,2025-04-06
C10226,U02388,P00051,4,2024-07-02
C10227,U01861,P00083,2,2025-01-03
C10228,U02437,P01067,1,2025-05-18
C10229,U00031,P01474,1,2024-06-26
C10230,U01132,P00431,3,2024-08-24
C10231,U02442,P00573,1,2024-11-23
C10232,U02111,P00059,4,2025-02-09
C10233,U00803,P01420,3,2025-01-02
C10234,U02171,P00788,1,2024-07-02
C10235,U00693,P00576,5,2025-01-04
C10236,U00666,P01477,5,2024-08-07
C10237,U02261,P00465,4,2025-02-03
C10238,U00981,P00836,1,2024-09-01
C10239,U00598,P00231,3,2024-11-30
C10240,U00908,P00649,2,2024-07-19
C10241,U00606,P01246,1,2024-07-06
C10242,U01051,P01029,1,2024-09-13
C10243,U00829,P00920,4,2025-05-09
C10244,U01837,P00916,4,2025-06-08
C10245,U01591,P00915,2,2024-10-15
C10246,U02928,P01314,3,2024-06-19
C10247,U02010,P01352,1,2024-10-21
C10248,U00535,P01400,2,2024-10-17
C10249,U01675,P00988,3,2024-12-20
C10250,U02491,P01212,2,2024-11-22
C10251,U01437,P00293,1,2024-08-21
C10252,U01560,P00405,2,2024-07-08
C10253,U01715,P00272,3,2025-03-20
C10254,U00534,P00117,5,2025-04-23
C10255,U01529,P01109,2,2024-12-20
C10256,U00709,P00947,2,2025-05-21
C10257,U02449,P00552,2,2025-03-16
C10258,U02238,P00730,2,2025-04-11
C10259,U02129,P01019,3,2024-08-09
C10260,U00397,P00116,3,2024-11-21
C10261,U00104,P00260,3,2025-05-31
C10262,U02050,P01128,3,2025-03-24
C10263,U01719,P00365,5,2025-06-03
C10264,U00760,P00447,4,2025-05-04
C10265,U00738,P01498,1,2024-06-28
C10266,U02319,P00171,4,2024-10-22
C10267,U01554,P00171,3,2024-08-20
C10268,U01312,P01032,3,2025-01-05
C10269,U02257,P00321,4,2025-05-04
C10270,U00928,P00545,4,2025-04-20
C10271,U00548,P01487,2,2024-11-26
C10272,U00064,P00082,2,2024-07-25
C10273,U02553,P00187,1,2025-02-16
C10274,U00187,P00883,3,2024-08-05
C10275,U00683,P00107,3,2024-12-04
C10276,U00197,P01358,4,2024-06-27
C10277,U02023,P00577,4,2025-06-18
C10278,U01323,P01425,2,2024-11-19
C10279,U01262,P00249,1,2024-10-02
C10280,U01326,P00212,5,2024-09-03
C10281,U01603,P00456,1,2024-10-12
C10282,U01991,P00451,2,2024-11-06
C10283,U02158,P00120,1,2024-08-30
C10284,U00226,P01170,3,2025-01-15
C10285,U00567,P00665,5,2024-12-21
C10286,U02552,P01247,4,2024-12-06
C10287,U02504,P00166,4,2024-11-23
C10288,U02616,P00004,3,2024-07-22
C10289,U01358,P00705,2,2025-05-22
C10290,U02039,P00782,3,2024-12-16
C10291,U01612,P00581,5,2024-12-30
C10292,U01313,P00158,3,2024-11-15
C10293,U01400,P01295,5,2025-01-26
C10294,U00588,P00349,1,2025-05-10
C10295,U01812,P00162,4,2025-03-20
C10296,U01240,P00658,1,2025-05-02
C10297,U01396,P00678,5,2024-07-15
C10298,U01788,P01314,5,2024-08-24
C10299,U00055,P00169,2,2024-07-05
C10300,U02693,P00610,2,2025-03-22
C10301,U02245,P01218,4,2024-07-19
C10302,U02634,P01140,5,2024-07-07
C10303,U01828,P01171,2,2025-02-22
C10304,U00369,P00885,2,2024-12-25
C10305,U01415,P01185,1,2025-06-16
C10306,U01225,P01271,5,2024-10-28
C10307,U02393,P00787,2,2025-05-09
C10308,U02796,P01115,4,2025-04-02
C10309,U00227,P00741,2,2024-10-08
C10310,U01054,P01325,4,2024-11-28
C10311,U02353,P00754,2,2025-01-09
C10312,U01352,P00210,3,2025-02-21
C10313,U00472,P00357,2,2025-03-13
C10314,U01765,P00645,2,2025-03-05
C10315,U01655,P01104,2,2025-01-06
C10316,U02482,P01455,2,2025-05-18
C10317,U01046,P01256,3,2025-01-31
C10318,U00283,P00408,4,2024-10-05
C10319,U01772,P00051,4,2025-06-06
C10320,U01486,P01188,1,2024-10-28
C10321,U00863,P01128,1,2025-02-26
C10322,U02471,P00690,5,2024-07-02
C10323,U02442,P00712,3,2025-05-19
C10324,U01379,P01071,3,2025-03-25
C10325,U02472,P00463,5,2025-01-29
C10326,U00891,P00595,5,2025-05-04
C10327,U01696,P00411,1,2024-07-17
C10328,U02730,P00308,4,2025-03-21
C10329,U00249,P00011,3,2024-07-10
C10330,U00507,P00895,4,2024-10-01
C10331,U01893,P01434,3,2024-12-02
C10332,U01340,P00189,5,2025-03-09
C10333,U02698,P00148,1,2025-01-01
C10334,U01041,P00152,5,2024-07-21
C10335,U02536,P01444,1,2025-02-02
C10336,U00896,P01380,1,2025-01-06
C10337,U00264,P01216,5,2025-01-09
C10338,U02399,P00364,4,2024-10-01
C10339,U01112,P00260,2,2024-12-08
C10340,U00059,P01339,1,2025-04-08
C10341,U00362,P00661,5,2025-06-09
C10342,U00936,P01344,1,2024-08-27
C10343,U01985,P00656,3,2024-06-18
C10344,U02781,P00092,3,2025-05-27
C10345,U01951,P00223,5,2024-07-08
C10346,U00136,P00376,3,2025-06-13
C10347,U02099,P00970,5,2024-11-17
C10348,U02711,P00519,3,2024-09-07
C10349,U01523,P00186,2,2025-02-08
C10350,U00946,P00895,2,2025-02-24
C10351,U00516,P01215,4,2024-11-30
C10352,U00450,P01051,5,2025-03-29
C10353,U02524,P01237,5,2024-11-17
C10354,U01358,P01091,1,2024-06-30
C10355,U00472,P00567,5,2025-02-28
C10356,U02571,P00746,1,2024-12-13
C10357,U02570,P00903,5,2024-06-19
C10358,U00829,P01098,2,2024-10-23
C10359,U02466,P00882,4,2025-04-10
C10360,U00800,P00712,3,2025-03-19
C10361,U01357,P00430,1,2024-09-09
C10362,U02435,P00160,4,2024-06-24
C10363,U01966,P00179,5,2025-04-23
C10364,U02005,P00932,1,2025-01-30
C10365,U02537,P00880,4,2025-01-05
C10366,U01145,P00525,5,2025-03-13
C10367,U00015,P00505,5,2025-03-18
C10368,U00248,P00831,2,2024-08-04
C10369,U00321,P00714,4,2024-07-02
C10370,U00990,P00956,4,2025-06-04
C10371,U01548,P00302,5,2025-01-02
C10372,U00171,P00268,4,2025-01-02
C10373,U02699,P00600,4,2025-05-23
C10374,U01755,P00051,1,2024-08-29
C10375,U01735,P00028,1,2025-05-23
C10376,U01051,P01258,3,2025-01-03
C10377,U00081,P00352,4,2024-09-25
C10378,U00178,P01486,3,2025-04-14
C10379,U02747,P01319,3,2024-07-22
C10380,U01203,P00877,1,2024-06-21
C10381,U01952,P00121,3,2025-01-14
C10382,U01081,P01185,5,2024-07-27
C10383,U01206,P01109,2,2025-04-18
C10384,U00080,P01311,3,2024-10-18
C10385,U00477,P01048,4,2025-01-26
C10386,U00327,P00374,4,2025-05-07
C10387,U01172,P01438,2,2024-07-23
C10388,U01333,P01232,1,2024-07-21
C10389,U02715,P01210,3,2024-10-24
C10390,U01025,P01313,4,2025-01-13
C10391,U01906,P01472,3,2024-07-07
C10392,U02147,P00134,4,2024-07-12
C10393,U01918,P00555,2,2024-11-06
C10394,U02854,P00095,5,2025-03-30
C10395,U00663,P00026,5,2024-08-05
C10396,U01603,P00101,1,2025-03-30
C10397,U02835,P00247,1,2025-01-29
C10398,U01535,P00045,2,2025-03-08
C10399,U01335,P00445,2,2024-11-14
C10400,U02488,P00795,4,2025-05-14
C10401,U00758,P00256,2,2024-07-20
C10402,U01134,P00957,2,2025-01-09
C10403,U01867,P00299,1,2025-01-24
C10404,U02885,P01208,2,2024-07-08
C10405,U02055,P00025,3,2024-07-27
C10406,U02021,P00884,2,2024-11-04
C10407,U00245,P00518,2,2025-02-03
C10408,U00768,P00793,2,2024-09-01
C10409,U00103,P01228,2,2025-04-30
C10410,U00350,P01013,5,2025-05-30
C10411,U02005,P00616,4,2024-09-09
C10412,U00714,P00458,5,2024-12-25
C10413,U00822,P00694,5,2024-10-21
C10414,U00312,P00709,4,2024-10-25
C10415,U02564,P00812,3,2025-02-07
C10416,U00005,P01446,4,2024-07-16
C10417,U01982,P00715,4,2024-09-25
C10418,U02342,P00583,2,2024-06-27
C10419,U00374,P00790,1,2024-08-17
C10420,U02384,P01407,2,2025-05-22
C10421,U01110,P00927,3,2025-05-08
C10422,U01071,P00633,5,2025-05-16
C10423,U00574,P00689,4,2025-05-31
C10424,U00215,P00045,2,2024-06-21
C10425,U02471,P00319,4,2025-04-22
C10426,U00628,P00956,2,2024-07-11
C10427,U02462,P01342,2,2025-02-11
C10428,U01918,P00691,1,2024-06-29
C10429,U02368,P01307,3,2024-07-12
C10430,U00195,P01220,4,2025-02-28
C10431,U02026,P00421,5,2024-11-29
C10432,U00782,P01244,4,2024-08-24
C10433,U02193,P00517,1,2025-03-20
C10434,U01694,P00142,3,2024-09-11
C10435,U02652,P00176,5,2024-08-15
C10436,U01874,P00254,4,2025-02-07
C10437,U02956,P00629,2,2025-02-02
C10438,U02109,P00553,5,2025-03-02
C10439,U01040,P00200,1,2024-11-14
C10440,U02381,P00553,4,2025-03-20
C10441,U01558,P00404,4,2025-04-16
C10442,U01431,P00006,2,2024-09-03
C10443,U02755,P00654,5,2025-05-16
C10444,U02795,P00399,4,2024-09-26
C10445,U00661,P01285,4,2024-07-30
C10446,U01301,P00017,4,2025-06-15
C10447,U00726,P00602,1,2025-02-10
C10448,U02045,P00598,5,2025-02-24
C10449,U02048,P00880,1,2024-07-26
C10450,U00519,P01496,1,2024-08-06
C10451,U00363,P00880,3,2025-06-02
C10452,U00813,P00708,2,2024-10-24
C10453,U01785,P01297,1,2025-03-27
C10454,U00806,P01286,1,2024-07-14
C10455,U00124,P00678,4,2025-01-14
C10456,U01228,P00676,1,2025-03-10
C10457,U02365,P00269,5,2025-05-18
C10458,U02241,P01164,3,2024-06-29
C10459,U00913,P01303,5,2025-06-10
C10460,U01271,P01341,2,2024-08-02
C10461,U02322,P01286,1,2025-01-15
C10462,U01505,P00224,2,2025-02-21
C10463,U00259,P01217,1,2024-10-23
C10464,U02082,P00926,4,2024-10-12
C10465,U02981,P01279,5,2024-07-13
C10466,U01455,P00127,2,2024-12-11
C10467,U02472,P01321,5,2025-05-22
C10468,U00566,P00941,3,2025-04-09
C10469,U00865,P00205,4,2024-10-29
C10470,U02776,P00756,1,2025-06-03
C10471,U01305,P00090,5,2025-01-28
C10472,U02177,P00685,1,2024-06-22
C10473,U02620,P01289,2,2024-07-08
C10474,U00730,P00977,4,2024-09-07
C10475,U01481,P00712,4,2025-05-03
C10476,U01692,P01025,4,2025-01-29
C10477,U01404,P01224,5,2024-10-12
C10478,U01000,P00359,4,2025-02-28
C10479,U01636,P01355,3,2024-12-22
C10480,U00344,P01394,3,2024-09-28
C10481,U00467,P00598,3,2025-02-05
C10482,U01411,P00830,2,2025-06-07
C10483,U00719,P01018,2,2025-02-22
C10484,U01659,P00337,3,2025-03-20
C10485,U00879,P00098,1,2024-06-27
C10486,U02320,P01146,3,2024-06-25
C10487,U02500,P00151,1,2024-08-05
C10488,U01504,P00235,2,2024-11-23
C10489,U02994,P01497,2,2024-10-09
C10490,U00917,P01003,3,2025-05-10
C10491,U01815,P00800,4,2024-10-11
C10492,U01237,P00497,2,2024-10-23
C10493,U02710,P01297,1,2025-04-16
C10494,U00079,P01162,4,2025-05-11
C10495,U01119,P01374,1,2024-08-11
C10496,U01907,P00826,2,2025-03-09
C10497,U00207,P00081,2,2025-01-14
C10498,U01189,P01080,4,2025-02-03
C10499,U02775,P00773,1,2025-05-30
C10500,U01525,P01033,3,2025-03-02
C10501,U00037,P00026,1,2024-10-15
C10502,U00175,P01001,1,2025-02-03
C10503,U01499,P00697,5,2024-12-26
C10504,U02809,P00115,3,2025-02-10
C10505,U00651,P00655,5,2024-07-23
C10506,U00996,P00807,4,2024-12-03
C10507,U02738,P00375,3,2024-08-10
C10508,U02928,P01082,3,2025-03-31
C10509,U00360,P00568,4,2024-11-19
C10510,U01974,P00999,3,2024-12-10
C10511,U00457,P01294,4,2025-03-03
C10512,U01906,P00217,1,2024-08-30
C10513,U02844,P00844,1,2024-10-02
C10514,U00371,P00614,1,2025-04-29
C10515,U00160,P01161,5,2025-02-07
C10516,U02655,P01318,5,2024-11-13
C10517,U02267,P00913,4,2025-05-28
C10518,U00558,P01186,3,2024-12-26
C10519,U01855,P01226,1,2025-01-25
C10520,U01531,P00965,4,2024-09-23
C10521,U00064,P00029,4,2025-01-01
C10522,U01188,P00518,4,2024-11-01
C10523,U02181,P00735,5,2025-02-04
C10524,U00200,P00179,1,2024-11-18
C10525,U02705,P00880,3,2025-04-15
C10526,U02494,P00984,4,2025-05-10
C10527,U00576,P01027,4,2024-06-21
C10528,U01492,P00699,5,2025-01-30
C10529,U01569,P00580,4,2025-01-24
C10530,U01087,P00685,2,2025-05-18
C10531,U01560,P00305,5,2025-05-02
C10532,U00605,P00614,2,2025-02-06
C10533,U02968,P00322,5,2025-02-12
C10534,U00390,P00075,4,2024-09-28
C10535,U00844,P00255,4,2024-07-02
C10536,U01003,P00941,3,2024-10-20
C10537,U00068,P00418,2,2025-04-19
C10538,U02699,P01250,3,2025-03-09
C10539,U02842,P00813,4,2025-01-05
C10540,U02092,P00144,2,2025-01-06
C10541,U02085,P00197,1,2024-10-22
C10542,U01635,P00269,4,2025-02-20
C10543,U02930,P01364,2,2024-12-01
C10544,U01447,P00773,4,2024-06-21
C10545,U02906,P00754,3,2024-07-10
C10546,U00712,P01421,1,2025-03-20
C10547,U02812,P00352,1,2024-08-01
C10548,U00499,P00429,3,2025-02-03
C10549,U02134,P01209,3,2025-04-15
C10550,U02869,P00903,2,2024-08-09
C10551,U01703,P00409,2,2025-03-15
C10552,U01884,P00124,3,2024-09-26
C10553,U01891,P00858,3,2025-04-04
C10554,U01574,P00258,1,2024-09-21
C10555,U02475,P00893,3,2024-06-29
C10556,U01567,P00524,3,2024-07-04
C10557,U01282,P00788,3,2024-08-15
C10558,U02476,P01498,3,2024-12-30
C10559,U01631,P00639,5,2025-06-03
C10560,U00746,P00615,5,2024-12-06
C10561,U02723,P01010,4,2024-09-06
C10562,U02666,P00480,1,2024-10-04
C10563,U02780,P00695,4,2025-01-08
C10564,U01431,P00725,2,2025-02-26
C10565,U01291,P00292,4,2025-01-26
C10566,U00032,P00765,5,2024-12-01
C10567,U00970,P00586,3,2025-01-06
C10568,U01073,P01164,1,2024-07-30
C10569,U00154,P00719,2,2025-01-27
C10570,U02335,P00535,2,2024-09-13
C10571,U00908,P00165,1,2025-04-16
C10572,U02936,P00440,5,2025-06-17
C10573,U00238,P01220,3,2025-01-04
C10574,U00708,P00410,3,2025-03-29
C10575,U02321,P00834,4,2025-06-11
C10576,U02642,P00769,4,2025-04-29
C10577,U02240,P01346,4,2025-06-03
C10578,U02415,P00036,3,2025-05-14
C10579,U02681,P00067,5,2024-10-20
C10580,U00706,P01348,2,2025-02-12
C10581,U02780,P00903,4,2025-02-13
C10582,U01059,P00692,1,2025-02-25
C10583,U02409,P00665,5,2025-02-10
C10584,U02838,P01415,2,2024-11-24
C10585,U01962,P00582,2,2025-05-10
C10586,U01252,P00102,4,2024-08-14
C10587,U01701,P00903,4,2025-01-07
C10588,U00790,P00915,1,2024-11-08
C10589,U00926,P00164,3,2024-10-09
C10590,U00805,P00586,2,2025-01-10
C10591,U02336,P01385,5,2024-07-13
C10592,U00619,P00082,1,2024-11-21
C10593,U01782,P01363,4,2024-07-20
C10594,U00697,P01144,3,2025-04-05
C10595,U00964,P01447,5,2024-09-25
C10596,U00107,P01302,5,2024-11-08
C10597,U01819,P00125,2,2024-06-25
C10598,U00164,P01047,2,2025-06-14
C10599,U02109,P00300,4,2025-04-28
C10600,U00805,P00648,3,2024-11-08
C10601,U00562,P01162,1,2025-03-29
C10602,U00666,P00931,3,2024-10-16
C10603,U02378,P00879,2,2024-06-30
C10604,U02837,P00660,5,2024-12-09
C10605,U01656,P00663,2,2024-09-11
C10606,U02192,P01172,3,2025-03-09
C10607,U02852,P00562,2,2025-02-23
C10608,U00631,P00367,1,2025-06-13
C10609,U01119,P00672,4,2025-05-29
C10610,U00054,P00119,5,2025-03-18
C10611,U02587,P00944,2,2025-01-30
C10612,U01477,P00807,5,2024-12-20
C10613,U00051,P01487,3,2025-01-14
C10614,U01171,P00998,5,2024-12-30
C10615,U00231,P00474,4,2025-01-16
C10616,U01219,P00812,4,2024-12-03
C10617,U02812,P00455,4,2024-12-28
C10618,U02049,P00015,5,2024-11-12
C10619,U02194,P00065,3,2025-04-03
C10620,U02194,P01225,3,2024-07-05
C10621,U02436,P01134,2,2024-09-06
C10622,U00524,P00731,1,2024-09-12
C10623,U00936,P00058,5,2025-06-14
C10624,U01894,P00294,4,2024-07-01
C10625,U01180,P01128,1,2025-02-04
C10626,U00982,P00657,5,2025-02-14
C10627,U00532,P00508,3,2024-11-05
C10628,U01646,P00120,4,2025-03-09
C10629,U01028,P00418,1,2024-10-03
C10630,U00336,P01261,3,2025-01-24
C10631,U00663,P01127,2,2025-01-30
C10632,U02819,P00384,3,2024-12-16
C10633,U00709,P01081,1,2025-01-30
C10634,U00170,P00537,3,2024-08-13
C10635,U02776,P00685,3,2024-12-08
C10636,U00196,P00565,4,2024-12-04
C10637,U01924,P00750,4,2024-11-19
C10638,U02543,P01225,2,2024-08-16
C10639,U00174,P00885,4,2024-07-28
C10640,U02936,P01001,2,2024-11-23
C10641,U01987,P00783,3,2025-06-17
C10642,U01311,P01011,4,2024-06-23
C10643,U02173,P00936,5,2025-03-23
C10644,U00171,P00846,2,2024-07-13
C10645,U02980,P00149,4,2024-08-29
C10646,U01417,P00621,2,2025-05-17
C10647,U02974,P01014,3,2024-07-19
C10648,U00793,P01388,3,2025-05-05
C10649,U00959,P01411,5,2024-10-04
C10650,U00795,P00206,2,2024-12-01
C10651,U01044,P00309,5,2024-08-06
C10652,U01243,P00388,4,2024-07-02
C10653,U01748,P01209,3,2025-04-21
C10654,U00971,P00947,4,2025-02-26
C10655,U00968,P01054,3,2025-01-07
C10656,U01504,P00375,3,2025-01-13
C10657,U01693,P00921,3,2025-05-30
C10658,U00388,P00140,1,2025-05-02
C10659,U00062,P01129,5,2025-05-27
C10660,U01284,P00161,1,2025-01-24
C10661,U00832,P00081,5,2024-10-31
C10662,U02758,P00106,3,2025-01-02
C10663,U02461,P01176,2,2024-11-27
C10664,U01534,P00259,5,2025-04-20
C10665,U00598,P00869,5,2024-08-18
C10666,U00570,P01287,2,2025-04-22
C10667,U02926,P00474,2,2024-12-15
C10668,U02267,P00394,2,2024-07-09
C10669,U02330,P00032,2,2025-05-13
C10670,U02997,P00986,5,2024-08-23
C10671,U02533,P01430,3,2025-02-23
C10672,U02301,P00652,2,2025-05-06
C10673,U01595,P00464,4,2024-11-19
C10674,U00485,P01017,5,2025-01-31
C10675,U02131,P01257,3,2024-08-26
C10676,U02988,P01083,2,2025-02-19
C10677,U00315,P00251,2,2024-07-24
C10678,U02798,P01240,2,2025-04-09
C10679,U02641,P00969,5,2025-01-27
C10680,U01365,P01093,3,2025-04-04
C10681,U00486,P00238,3,2025-04-27
C10682,U00946,P00377,1,2025-02-23
C10683,U00816,P00986,3,2024-12-27
C10684,U01142,P01335,1,2024-10-26
C10685,U01536,P01262,4,2024-07-15
C10686,U01915,P01363,2,2025-03-26
C10687,U01234,P00816,2,2024-12-06
C10688,U00416,P00626,1,2025-06-16
C10689,U01136,P00580,1,2024-07-31
C10690,U01162,P00908,2,2024-10-19
C10691,U02797,P01389,4,2025-05-30
C10692,U01623,P00731,2,2024-11-29
C10693,U01844,P00106,3,2024-09-23
C10694,U00652,P00859,5,2024-07-17
C10695,U01980,P00520,3,2024-09-19
C10696,U00213,P00307,4,2025-06-08
C10697,U00121,P00326,2,2024-06-21
C10698,U00302,P01297,5,2025-05-30
C10699,U00495,P00323,4,2025-02-18
C10700,U00254,P01401,4,2024-08-22
C10701,U01411,P00431,5,2024-08-27
C10702,U02374,P00566,5,2024-12-12
C10703,U00343,P00944,4,2025-03-11
C10704,U00674,P00014,1,2025-06-06
C10705,U00567,P00192,5,2025-03-25
C10706,U02841,P00051,3,2024-12-26
C10707,U01692,P00887,2,2024-12-07
C10708,U01046,P01481,3,2025-01-19
C10709,U01999,P00132,2,2025-02-14
C10710,U01602,P00758,3,2024-09-30
C10711,U01599,P01243,5,2025-02-04
C10712,U02089,P00424,5,2025-05-05
C10713,U01503,P00558,2,2024-10-23
C10714,U00786,P01331,2,2024-11-04
C10715,U01730,P00926,2,2025-05-30
C10716,U01279,P00544,1,2024-11-28
C10717,U00386,P00252,5,2025-05-29
C10718,U02387,P00004,1,2025-05-24
C10719,U00818,P00847,3,2025-06-11
C10720,U00056,P00797,5,2025-05-07
C10721,U01139,P01022,5,2024-10-06
C10722,U02401,P01198,5,2025-04-29
C10723,U01825,P01114,2,2024-09-28
C10724,U00180,P00451,3,2024-07-11
C10725,U02868,P01342,5,2025-06-05
C10726,U00101,P00023,1,2024-11-23
C10727,U01954,P00215,5,2025-02-25
C10728,U02375,P00315,3,2024-07-23
C10729,U00634,P00609,4,2024-07-16
C10730,U00136,P01264,2,2025-03-24
C10731,U02551,P00648,3,2024-06-21
C10732,U01864,P00786,2,2024-11-07
C10733,U00256,P00768,3,2024-07-11
C10734,U02568,P00025,4,2025-01-24
C10735,U01869,P00596,4,2024-06-23
C10736,U02846,P01150,5,2025-05-31
C10737,U00914,P00234,2,2024-12-25
C10738,U01270,P00703,1,2025-05-21
C10739,U01757,P00724,4,2025-04-20
C10740,U02530,P00633,4,2025-05-10
C10741,U02568,P01163,4,2025-03-22
C10742,U00471,P01318,3,2025-02-12
C10743,U01212,P00838,5,2024-07-26
C10744,U02201,P00718,1,2024-07-07
C10745,U02425,P01015,4,2024-09-14
C10746,U01357,P00015,1,2024-12-12
C10747,U02008,P00975,5,2024-08-12
C10748,U00198,P00497,4,2024-11-24
C10749,U01546,P00966,5,2024-11-03
C10750,U01677,P01260,4,2024-08-01
C10751,U01891,P01427,2,2025-02-22
C10752,U01720,P00202,4,2025-02-27
C10753,U02268,P00148,5,2024-10-25
C10754,U00706,P00953,2,2025-03-14
C10755,U02368,P01414,2,2024-09-28
C10756,U01405,P00788,3,2024-06-24
C10757,U01235,P00328,3,2024-12-09
C10758,U00846,P01345,3,2024-07-23
C10759,U02161,P00620,3,2024-08-13
C10760,U02302,P00783,3,2025-03-23
C10761,U00868,P00806,2,2025-03-02
C10762,U01697,P00699,2,2025-02-23
C10763,U01823,P00711,5,2024-11-09
C10764,U00082,P00043,5,2024-07-26
C10765,U00132,P01238,2,2024-09-30
C10766,U00434,P00128,2,2024-08-07
C10767,U00794,P00488,4,2025-05-24
C10768,U02613,P00712,1,2025-04-14
C10769,U01344,P00419,2,2025-01-15
C10770,U02275,P00788,2,2025-01-19
C10771,U00345,P00143,2,2024-09-02
C10772,U02396,P00276,1,2025-03-19
C10773,U02494,P00641,3,2025-05-07
C10774,U00509,P00123,1,2025-04-23
C10775,U01168,P01334,5,2025-01-24
C10776,U01849,P01475,5,2025-04-21
C10777,U00877,P00244,5,2025-05-18
C10778,U00799,P00837,5,2024-06-24
C10779,U01301,P01496,3,2025-02-07
C10780,U01994,P00808,4,2024-06-21
C10781,U00823,P00296,3,2024-08-30
C10782,U00720,P00463,3,2025-04-27
C10783,U01309,P00843,2,2024-07-19
C10784,U02785,P00864,2,2024-07-28
C10785,U01713,P00778,4,2024-09-28
C10786,U02920,P01359,1,2025-01-28
C10787,U02735,P01245,4,2025-04-19
C10788,U00072,P00440,4,2024-09-29
C10789,U02385,P00528,1,2025-05-24
C10790,U00993,P01312,1,2025-01-23
C10791,U02785,P00711,4,2024-10-19
C10792,U02779,P00886,4,2024-10-07
C10793,U00396,P00789,5,2024-10-27
C10794,U00516,P00211,3,2024-11-19
C10795,U00339,P01159,5,2024-11-17
C10796,U02063,P01008,1,2025-02-10
C10797,U00335,P00056,5,2025-04-25
C10798,U00638,P00167,5,2024-08-29
C10799,U01134,P00951,1,2025-01-02
C10800,U02340,P01301,3,2025-04-29
C10801,U00121,P00293,2,2024-09-18
C10802,U00703,P00313,2,2024-09-20
C10803,U00724,P00445,2,2025-05-22
C10804,U01635,P00574,4,2024-11-13
C10805,U01664,P00887,1,2025-01-01
C10806,U02288,P00165,3,2025-03-17
C10807,U02482,P01050,2,2025-05-10
C10808,U00528,P00520,3,2025-06-15
C10809,U00082,P00929,3,2025-02-27
C10810,U00879,P01201,2,2025-02-11
C10811,U01933,P01069,4,2024-12-06
C10812,U02647,P00183,3,2024-06-28
C10813,U02867,P01450,1,2025-06-10
C10814,U00578,P00055,2,2024-07-20
C10815,U00817,P00556,3,2024-08-20
C10816,U02496,P01157,2,2025-06-06
C10817,U02265,P01105,3,2025-02-17
C10818,U01293,P00450,1,2025-02-18
C10819,U02125,P01155,2,2024-11-13
C10820,U01634,P01281,3,2025-01-27
C10821,U00213,P00521,5,2024-09-30
C10822,U02971,P00243,5,2024-11-17
C10823,U00633,P01413,1,2024-11-21
C10824,U02932,P01203,4,2025-05-02
C10825,U00731,P00097,5,2025-03-25
C10826,U02851,P00848,1,2024-09-13
C10827,U01702,P01424,5,2024-10-01
C10828,U02263,P00263,5,2024-09-08
C10829,U01147,P01323,4,2024-09-13
C10830,U02497,P01115,1,2025-05-12
C10831,U01581,P00201,5,2025-01-05
C10832,U00820,P00395,3,2025-06-09
C10833,U02223,P01307,5,2024-11-30
C10834,U01296,P00446,1,2024-08-06
C10835,U00909,P01317,3,2025-03-22
C10836,U00569,P00797,1,2025-03-26
C10837,U01114,P00042,1,2025-03-28
C10838,U02010,P01182,2,2025-01-13
C10839,U01072,P00223,5,2025-06-12
C10840,U01512,P01047,1,2024-11-12
C10841,U00455,P00790,4,2024-07-29
C10842,U01985,P00150,2,2024-10-13
C10843,U01646,P01263,3,2025-02-28
C10844,U00243,P01450,2,2024-12-06
C10845,U01123,P00973,3,2024-09-15
C10846,U01761,P00796,1,2025-06-10
C10847,U00429,P00050,4,2025-02-01
C10848,U01536,P00140,4,2024-10-26
C10849,U01266,P01414,2,2025-01-19
C10850,U01331,P01239,5,2025-06-08
C10851,U02200,P00564,1,2025-02-09
C10852,U01140,P00123,4,2024-08-20
C10853,U01916,P00059,3,2024-09-26
C10854,U00289,P00140,1,2025-01-24
C10855,U02981,P00745,4,2025-01-19
C10856,U00778,P00008,1,2024-06-27
C10857,U02270,P01447,2,2025-04-04
C10858,U00811,P01372,1,2024-10-28
C10859,U02882,P00076,1,2024-11-25
C10860,U01870,P00508,2,2025-04-15
C10861,U02584,P00565,4,2025-04-30
C10862,U02685,P00301,3,2024-11-10
C10863,U00256,P00605,2,2024-10-11
C10864,U00433,P00351,3,2024-12-22
C10865,U01655,P01418,4,2024-08-26
C10866,U02506,P00892,2,2024-09-11
C10867,U00568,P00844,2,2024-12-26
C10868,U00006,P00741,5,2025-02-14
C10869,U01954,P00419,3,2025-04-11
C10870,U00093,P00746,5,2024-06-19
C10871,U01517,P00437,4,2025-06-03
C10872,U02413,P01133,4,2024-07-29
C10873,U01597,P00828,5,2024-12-12
C10874,U00043,P00909,3,2025-01-22
C10875,U02338,P01180,1,2025-01-06
C10876,U00813,P01000,4,2025-02-16
C10877,U00265,P00059,4,2024-11-12
C10878,U01801,P01389,5,2024-12-15
C10879,U00382,P00303,4,2024-08-02
C10880,U00872,P00984,2,2024-08-11
C10881,U02496,P01059,3,2024-06-28
C10882,U01912,P00825,4,2025-03-07
C10883,U00253,P00096,1,2024-11-19
C10884,U02731,P00294,1,2025-01-02
C10885,U00205,P00648,4,2025-04-12
C10886,U01420,P01340,2,2024-06-23
C10887,U00301,P01419,5,2025-01-21
C10888,U00561,P01296,2,2024-10-26
C10889,U01290,P00978,4,2025-05-05
C10890,U01723,P00734,3,2025-04-27
C10891,U01387,P00752,4,2025-04-17
C10892,U00353,P01211,3,2024-10-27
C10893,U02101,P00330,4,2024-11-20
C10894,U00921,P00138,5,2025-02-10
C10895,U02615,P01036,1,2025-05-08
C10896,U01962,P00666,4,2024-10-30
C10897,U00112,P00128,2,2025-05-31
C10898,U01581,P01165,1,2025-02-08
C10899,U01931,P00625,4,2025-05-31
C10900,U00468,P01093,1,2024-06-30
C10901,U00213,P00166,1,2024-08-03
C10902,U00008,P01078,3,2025-04-07
C10903,U02089,P00395,3,2025-01-09
C10904,U00818,P01165,3,2025-04-08
C10905,U01203,P00678,4,2024-08-04
C10906,U00157,P00224,5,2024-12-19
C10907,U01523,P00907,1,2025-04-13
C10908,U00496,P01264,3,2025-04-07
C10909,U00868,P00523,3,2025-03-01
C10910,U01891,P01160,4,2024-10-18
C10911,U00269,P01285,2,2024-08-17
C10912,U01385,P00285,4,2024-10-02
C10913,U02411,P00860,4,2025-03-09
C10914,U02155,P00340,1,2025-03-12
C10915,U02164,P01392,4,2024-08-02
C10916,U02054,P00996,3,2024-12-26
C10917,U01797,P01109,3,2024-09-13
C10918,U01392,P01215,3,2024-08-25
C10919,U01017,P00865,1,2024-11-12
C10920,U01401,P00322,3,2024-11-28
C10921,U00641,P00973,3,2025-03-03
C10922,U02053,P00362,2,2024-12-17
C10923,U02509,P01247,5,2025-06-17
C10924,U00392,P00684,2,2025-06-10
C10925,U02638,P00922,4,2025-01-09
C10926,U00764,P00206,2,2024-10-09
C10927,U01460,P01287,1,2025-05-20
C10928,U02004,P00444,2,2024-12-18
C10929,U01744,P00471,3,2025-02-06
C10930,U00785,P01391,1,2024-07-29
C10931,U00762,P01299,3,2025-03-06
C10932,U00928,P00448,3,2025-05-11
C10933,U00020,P00922,5,2024-10-06
C10934,U01414,P01019,5,2024-08-25
C10935,U02054,P01446,2,2024-10-01
C10936,U02899,P01134,3,2024-11-12
C10937,U00347,P00533,3,2024-07-10
C10938,U00080,P01141,2,2024-06-18
C10939,U02968,P00200,5,2024-11-20
C10940,U00514,P00147,2,2025-01-30
C10941,U01703,P00104,1,2024-07-23
C10942,U01520,P00360,3,2024-10-06
C10943,U00215,P01087,1,2024-10-14
C10944,U00877,P00967,5,2024-09-06
C10945,U02395,P00391,2,2024-11-24
C10946,U02228,P00411,4,2025-04-22
C10947,U01746,P00777,3,2025-01-14
C10948,U00733,P00560,4,2024-12-03
C10949,U02286,P00715,3,2025-05-27
C10950,U00949,P00109,2,2025-06-10
C10951,U00888,P01095,1,2024-07-11
C10952,U02009,P00690,5,2024-08-13
C10953,U00147,P00121,5,2024-10-20
C10954,U01094,P00269,2,2025-06-15
C10955,U00402,P00912,3,2024-11-09
C10956,U02766,P01166,2,2025-02-04
C10957,U00068,P00441,4,2025-02-09
C10958,U00403,P01323,2,2025-04-03
C10959,U01156,P00262,3,2024-06-24
C10960,U02555,P00970,4,2024-12-01
C10961,U00762,P00327,1,2025-01-19
C10962,U00612,P00600,3,2025-03-16
C10963,U00888,P00146,2,2025-03-15
C10964,U00514,P01355,1,2024-07-06
C10965,U02010,P01178,5,2025-02-01
C10966,U01320,P00960,4,2025-03-13
C10967,U02896,P00760,5,2025-05-30
C10968,U00497,P00080,1,2024-09-09
C10969,U00784,P00319,1,2024-08-29
C10970,U00673,P01023,1,2025-01-30
C10971,U02011,P00559,4,2025-02-25
C10972,U00087,P00377,2,2024-08-11
C10973,U01361,P01474,4,2024-07-14
C10974,U01923,P00963,5,2025-02-23
C10975,U00325,P01116,1,2024-09-11
C10976,U01987,P01385,3,2025-04-03
C10977,U01565,P00371,3,2024-12-19
C10978,U02703,P00546,1,2025-02-28
C10979,U02387,P00732,2,2024-07-23
C10980,U02097,P00505,2,2025-03-19
C10981,U01984,P01465,1,2025-05-12
C10982,U02023,P01218,4,2025-05-03
C10983,U00634,P00037,3,2024-11-25
C10984,U01440,P00176,3,2025-05-17
C10985,U02490,P00452,3,2024-07-06
C10986,U02495,P01089,1,2025-04-22
C10987,U02741,P01370,4,2025-03-27
C10988,U01960,P00091,4,2025-05-09
C10989,U01164,P00979,5,2024-09-23
C10990,U02525,P00127,1,2025-03-16
C10991,U01645,P01100,2,2024-07-19
C10992,U02526,P00845,1,2024-10-14
C10993,U00397,P00090,3,2024-12-08
C10994,U00454,P00310,5,2025-04-15
C10995,U02124,P00728,5,2024-08-16
C10996,U01963,P00115,3,2024-09-09
C10997,U01397,P01159,5,2024-11-16
C10998,U02700,P00668,2,2025-02-03
C10999,U01105,P00990,1,2025-01-08
C11000,U00658,P00110,3,2024-12-06
C11001,U02988,P01249,3,2024-08-08
C11002,U02042,P00477,4,2024-12-08
C11003,U00082,P00713,3,2025-02-05
C11004,U01814,P00030,5,2024-12-21
C11005,U01597,P01264,2,2025-01-29
C11006,U01960,P01004,4,2025-01-06
C11007,U02060,P00195,5,2025-06-18
C11008,U02330,P00202,4,2025-04-23
C11009,U00188,P01149,2,2024-09-24
C11010,U01028,P00794,3,2024-07-17
C11011,U02345,P00352,2,2025-02-07
C11012,U02295,P00937,5,2024-07-03
C11013,U00227,P01383,1,2025-05-13
C11014,U01366,P00122,5,2025-02-03
C11015,U01835,P00052,4,2024-07-20
C11016,U01369,P01006,3,2024-07-22
C11017,U01358,P01420,4,2024-11-13
C11018,U02839,P00305,3,2024-09-20
C11019,U00436,P00920,3,2025-04-17
C11020,U02633,P00330,5,2025-06-09
C11021,U02472,P00345,2,2024-10-17
C11022,U01665,P00645,5,2024-08-29
C11023,U01540,P00284,1,2025-05-05
C11024,U02130,P01358,5,2025-01-11
C11025,U00212,P00803,1,2024-07-06
C11026,U01794,P00516,2,2025-03-02
C11027,U00164,P01250,5,2024-07-12
C11028,U00292,P01398,2,2025-02-17
C11029,U00234,P01338,2,2025-01-19
C11030,U01334,P00319,5,2025-04-25
C11031,U00091,P00959,2,2024-10-05
C11032,U00260,P00087,1,2025-05-31
C11033,U01535,P00751,2,2025-06-08
C11034,U02154,P00441,2,2024-11-25
C11035,U01474,P01313,3,2024-07-01
C11036,U00262,P00427,5,2024-11-30
C11037,U02791,P00319,2,2024-09-05
C11038,U00052,P00891,4,2024-11-01
C11039,U02352,P01384,2,2024-12-11
C11040,U02579,P00956,2,2024-08-20
C11041,U01637,P01000,5,2024-07-17
C11042,U01330,P00754,2,2025-04-11
C11043,U00797,P00466,4,2024-08-31
C11044,U00648,P01078,1,2024-10-16
C11045,U01384,P01043,4,2024-10-25
C11046,U00163,P00783,3,2025-02-01
C11047,U02730,P00046,3,2024-12-27
C11048,U02703,P00148,1,2025-05-10
C11049,U02972,P00866,5,2025-02-11
C11050,U02134,P00138,3,2025-01-20
C11051,U00339,P00684,4,2024-09-12
C11052,U01373,P00768,3,2025-04-19
C11053,U00192,P00862,3,2024-06-28
C11054,U00924,P00880,1,2024-08-20
C11055,U02074,P00449,3,2025-04-20
C11056,U00786,P00596,1,2025-03-27
C11057,U00230,P01218,4,2024-09-02
C11058,U01454,P01380,3,2025-05-02
C11059,U00261,P00641,5,2024-07-22
C11060,U01267,P01371,4,2025-01-15
C11061,U02584,P00289,3,2025-01-29
C11062,U00629,P00483,1,2025-04-04
C11063,U02342,P00796,5,2025-03-23
C11064,U02233,P01146,5,2025-05-29
C11065,U02602,P01128,2,2024-12-06
C11066,U00265,P01297,3,2025-05-05
C11067,U00204,P01003,4,2024-06-27
C11068,U02423,P01044,5,2025-01-14
C11069,U00409,P00404,2,2024-11-11
C11070,U00410,P01106,1,2025-04-18
C11071,U01392,P01377,3,2024-11-22
C11072,U01706,P01066,2,2025-03-20
C11073,U02642,P00356,1,2024-07-05
C11074,U00962,P00501,1,2025-03-12
C11075,U02762,P00197,3,2024-09-25
C11076,U00450,P01194,3,2024-10-28
C11077,U01923,P01268,1,2025-05-20
C11078,U00950,P01049,2,2024-11-16
C11079,U00336,P01297,1,2024-06-26
C11080,U01196,P01106,3,2024-08-02
C11081,U02643,P01171,1,2025-03-26
C11082,U00255,P00168,4,2024-11-16
C11083,U02253,P00885,4,2024-10-22
C11084,U02788,P01094,4,2024-11-23
C11085,U02737,P00816,2,2024-06-28
C11086,U02263,P00110,3,2025-03-27
C11087,U01476,P01204,3,2024-10-16
C11088,U02117,P00492,4,2025-01-13
C11089,U00359,P00110,1,2025-04-02
C11090,U00698,P00709,4,2024-11-21
C11091,U01223,P00030,1,2025-02-09
C11092,U01632,P00037,2,2024-10-05
C11093,U02245,P00600,3,2024-10-04
C11094,U02325,P00970,5,2025-06-16
C11095,U02779,P01353,5,2025-03-03
C11096,U00628,P01137,1,2025-03-10
C11097,U02402,P01006,4,2025-03-04
C11098,U02986,P00106,5,2024-07-10
C11099,U00388,P00781,4,2024-12-23
C11100,U02143,P00025,2,2025-05-26
C11101,U01549,P00621,4,2025-02-18
C11102,U02053,P01494,4,2025-03-21
C11103,U00953,P00835,1,2024-08-09
C11104,U01828,P01056,1,2024-10-29
C11105,U00500,P00138,2,2024-11-01
C11106,U02692,P01201,2,2024-08-21
C11107,U02839,P00096,3,2025-04-10
C11108,U02614,P00055,2,2024-06-27
C11109,U02944,P00247,1,2024-07-05
C11110,U01948,P01433,4,2024-11-16
C11111,U02683,P00271,2,2024-08-03
C11112,U02579,P00577,1,2025-05-13
C11113,U01946,P00777,4,2025-02-03
C11114,U00923,P00809,1,2025-02-16
C11115,U02040,P00758,2,2025-01-05
C11116,U00003,P00694,3,2025-06-14
C11117,U00191,P00907,1,2024-11-27
C11118,U01819,P01163,5,2025-02-18
C11119,U00792,P00426,5,2024-08-12
C11120,U02440,P00798,5,2024-10-18
C11121,U02403,P00067,2,2025-03-13
C11122,U01933,P01281,5,2024-07-22
C11123,U01861,P01122,2,2025-04-23
C11124,U00154,P00572,3,2024-12-03
C11125,U01726,P01371,3,2025-02-11
C11126,U00385,P00329,3,2025-01-19
C11127,U01604,P00836,4,2024-11-14
C11128,U02103,P01337,3,2024-08-11
C11129,U00168,P00959,5,2025-02-27
C11130,U02309,P00591,4,2024-08-15
C11131,U00290,P00781,2,2024-11-19
C11132,U01277,P01134,3,2025-01-22
C11133,U02132,P00586,2,2025-02-07
C11134,U00202,P00838,4,2025-04-13
C11135,U01460,P01051,5,2024-10-19
C11136,U01539,P01181,1,2024-09-19
C11137,U02206,P00813,3,2024-10-29
C11138,U02196,P01392,4,2024-06-29
C11139,U02159,P01308,5,2024-09-08
C11140,U00804,P00912,3,2025-04-03
C11141,U02482,P00811,4,2025-01-17
C11142,U01981,P00967,1,2024-12-16
C11143,U02958,P00150,5,2025-01-27
C11144,U02393,P00290,4,2025-03-19
C11145,U02618,P00568,2,2024-08-31
C11146,U01132,P00225,4,2024-07-10
C11147,U01095,P00931,5,2024-10-18
C11148,U02586,P01219,3,2024-07-21
C11149,U00263,P00444,5,2025-04-13
C11150,U02978,P00258,5,2024-07-04
C11151,U00351,P00337,2,2024-12-30
C11152,U01576,P00523,1,2024-08-01
C11153,U02691,P00568,5,2025-02-01
C11154,U00206,P00536,5,2024-12-29
C11155,U02234,P00916,1,2025-05-12
C11156,U00584,P01433,4,2024-12-21
C11157,U02829,P00260,5,2024-10-14
C11158,U00282,P01133,2,2024-07-29
C11159,U02474,P00891,5,2025-04-10
C11160,U02392,P00768,5,2025-02-07
C11161,U02927,P00851,4,2025-05-07
C11162,U01542,P00269,4,2024-10-04
C11163,U01292,P01197,5,2025-05-01
C11164,U01847,P01453,5,2025-05-11
C11165,U00369,P00080,1,2024-11-29
C11166,U00630,P00415,5,2024-07-03
C11167,U01233,P01398,1,2024-09-29
C11168,U02855,P01414,2,2024-11-25
C11169,U02409,P00147,1,2024-11-30
C11170,U02144,P00657,1,2025-03-12
C11171,U02007,P00613,1,2025-05-05
C11172,U00162,P01055,5,2024-08-08
C11173,U00409,P01062,4,2025-02-15
C11174,U02238,P01153,3,2025-03-06
C11175,U01888,P01241,3,2025-03-11
C11176,U01232,P01402,2,2025-01-04
C11177,U00691,P00617,1,2024-08-01
C11178,U01766,P00678,2,2024-12-30
C11179,U00723,P01208,3,2024-09-28
C11180,U01616,P00769,5,2024-10-07
C11181,U02955,P01097,4,2025-04-16
C11182,U01004,P01144,5,2025-01-27
C11183,U00332,P01459,4,2025-01-11
C11184,U01840,P00053,2,2024-12-21
C11185,U01638,P01129,2,2024-12-18
C11186,U00729,P01192,3,2024-11-22
C11187,U02422,P00610,5,2024-11-27
C11188,U01739,P00431,2,2024-11-14
C11189,U00929,P00954,3,2025-04-01
C11190,U00910,P00212,4,2025-02-25
C11191,U01023,P00071,2,2024-08-10
C11192,U00625,P00911,4,2024-11-10
C11193,U02179,P01064,5,2024-09-26
C11194,U00039,P00052,5,2024-10-06
C11195,U01959,P00535,1,2024-10-29
C11196,U02059,P01461,2,2025-05-20
C11197,U01900,P00553,1,2025-06-06
C11198,U01962,P00930,4,2025-02-27
C11199,U01965,P00097,2,2024-07-19
C11200,U00440,P00050,4,2024-08-25
C11201,U00391,P01365,1,2024-08-17
C11202,U02541,P00124,1,2025-03-26
C11203,U01439,P00330,3,2024-07-31
C11204,U00691,P01481,2,2025-05-04
C11205,U02362,P00371,3,2024-10-21
C11206,U00605,P00563,4,2025-05-26
C11207,U00191,P01490,5,2025-04-19
C11208,U00039,P00205,3,2024-08-14
C11209,U01754,P01391,1,2024-09-25
C11210,U00084,P00842,1,2024-12-19
C11211,U01089,P00637,4,2025-05-20
C11212,U01677,P00920,5,2024-08-10
C11213,U01219,P00892,5,2024-10-02
C11214,U00633,P00431,5,2025-05-27
C11215,U02794,P00233,2,2024-08-02
C11216,U00683,P00824,5,2024-10-02
C11217,U01475,P01034,5,2024-09-15
C11218,U01595,P01138,5,2025-03-31
C11219,U01245,P01067,1,2024-10-16
C11220,U02457,P00119,4,2025-06-02
C11221,U02333,P01219,4,2024-12-03
C11222,U01576,P00345,2,2024-09-22
C11223,U00374,P00011,5,2024-12-11
C11224,U02435,P00215,3,2025-01-24
C11225,U02311,P00007,5,2024-10-18
C11226,U02461,P01462,1,2025-05-30
C11227,U02371,P01048,2,2025-04-10
C11228,U01874,P00369,2,2024-07-10
C11229,U01970,P01422,2,2024-10-08
C11230,U01180,P00804,1,2025-04-20
C11231,U00517,P01137,3,2025-01-09
C11232,U00521,P01170,3,2025-06-17
C11233,U02208,P01167,2,2024-11-11
C11234,U02606,P00960,2,2025-01-24
C11235,U01010,P00581,3,2024-11-29
C11236,U02708,P00969,2,2025-03-11
C11237,U00677,P00894,3,2025-04-10
C11238,U02217,P00878,2,2024-12-16
C11239,U01289,P00412,4,2024-12-23
C11240,U02336,P00785,5,2024-08-17
C11241,U02790,P01237,2,2024-08-02
C11242,U01062,P00706,1,2024-09-02
C11243,U02935,P00367,4,2024-12-25
C11244,U02394,P00572,2,2025-06-18
C11245,U01626,P00193,5,2025-05-07
C11246,U02054,P00634,3,2025-03-25
C11247,U01614,P01027,3,2025-04-25
C11248,U02245,P00180,5,2025-02-06
C11249,U02904,P00137,3,2024-12-02
C11250,U02656,P00094,3,2025-02-10
C11251,U01992,P01169,1,2025-01-18
C11252,U00382,P01247,3,2024-12-04
C11253,U01970,P00888,1,2025-05-31
C11254,U01826,P00856,5,2024-08-10
C11255,U01861,P00905,1,2025-03-01
C11256,U02881,P00597,4,2024-12-09
C11257,U00544,P00421,5,2025-02-02
C11258,U02741,P00760,3,2024-07-19
C11259,U01092,P00998,1,2024-06-22
C11260,U00521,P01133,2,2025-02-28
C11261,U01617,P00808,3,2025-05-15
C11262,U01297,P00122,1,2024-10-24
C11263,U01482,P00829,5,2025-04-19
C11264,U00876,P00104,4,2025-05-03
C11265,U01538,P01417,1,2024-07-30
C11266,U02900,P00360,2,2025-03-22
C11267,U02107,P00091,3,2025-02-18
C11268,U02518,P00919,2,2025-06-09
C11269,U00147,P00109,4,2024-11-07
C11270,U01731,P00033,4,2025-04-26
C11271,U01877,P00428,4,2024-11-03
C11272,U01882,P00095,4,2024-11-17
C11273,U00338,P00430,2,2025-03-11
C11274,U01800,P00927,1,2024-10-07
C11275,U02584,P00306,2,2024-10-18
C11276,U01752,P00514,2,2025-04-20
C11277,U01080,P00529,3,2025-04-17
C11278,U02970,P01080,1,2025-06-01
C11279,U02859,P01243,3,2024-07-06
C11280,U00567,P01185,4,2024-08-04
C11281,U00469,P00759,3,2024-06-18
C11282,U00645,P00240,3,2024-07-23
C11283,U02191,P00228,5,2024-09-28
C11284,U01130,P01435,5,2024-12-04
C11285,U00893,P00406,2,2024-08-17
C11286,U01723,P00476,1,2024-08-26
C11287,U00307,P00076,5,2024-12-30
C11288,U01909,P00512,3,2025-04-09
C11289,U01612,P00164,5,2025-04-22
C11290,U02851,P01025,1,2025-02-21
C11291,U02651,P00313,3,2025-01-08
C11292,U00155,P01216,1,2024-10-24
C11293,U00227,P00897,5,2024-06-19
C11294,U01549,P00243,1,2025-02-16
C11295,U01782,P00736,2,2025-01-04
C11296,U00609,P01122,5,2025-05-02
C11297,U02229,P00371,5,2024-12-27
C11298,U00354,P00413,1,2024-08-23
C11299,U01147,P00180,1,2024-07-06
C11300,U00694,P00123,1,2024-07-10
C11301,U00774,P01051,4,2025-04-01
C11302,U02721,P01363,2,2025-02-22
C11303,U01993,P00891,5,2024-09-05
C11304,U01477,P00661,4,2025-03-19
C11305,U01295,P01053,3,2025-06-13
C11306,U01416,P00032,2,2024-07-26
C11307,U00240,P00942,2,2024-12-01
C11308,U02036,P00472,4,2025-04-28
C11309,U00819,P00718,3,2025-06-06
C11310,U00829,P01019,2,2024-09-24
C11311,U00726,P00455,4,2024-07-20
C11312,U01491,P00525,4,2025-01-03
C11313,U02818,P00721,3,2025-03-03
C11314,U01732,P01059,1,2025-02-06
C11315,U02302,P00544,2,2025-06-10
C11316,U00594,P00078,4,2024-07-25
C11317,U01897,P00620,3,2024-08-16
C11318,U01397,P01277,3,2024-10-26
C11319,U00291,P00646,2,2024-07-01
C11320,U00970,P00851,3,2025-05-17
C11321,U01796,P00772,5,2025-04-21
C11322,U01271,P00519,5,2024-08-03
C11323,U02351,P00121,3,2024-09-22
C11324,U02578,P00776,3,2024-09-15
C11325,U02493,P00982,3,2024-08-10
C11326,U00792,P00042,5,2024-10-11
C11327,U02746,P00067,4,2024-06-19
C11328,U01009,P00793,5,2024-11-05
C11329,U00022,P00784,3,2025-01-16
C11330,U02076,P00614,1,2024-12-17
C11331,U00937,P00060,2,2024-06-29
C11332,U01639,P00854,5,2024-08-19
C11333,U01455,P01289,5,2024-10-28
C11334,U01415,P00118,1,2025-02-10
C11335,U02153,P00506,5,2024-08-30
C11336,U01709,P00784,4,2024-09-01
C11337,U01603,P00295,4,2025-03-15
C11338,U01155,P00633,1,2024-08-12
C11339,U01796,P01205,3,2024-10-26
C11340,U01308,P01110,3,2024-12-04
C11341,U01491,P00472,4,2024-09-22
C11342,U02227,P01309,2,2025-01-25
C11343,U01374,P01299,5,2025-05-25
C11344,U00573,P00743,2,2024-10-09
C11345,U00498,P00379,5,2025-01-09
C11346,U00266,P01187,5,2024-10-21
C11347,U01017,P00419,1,2024-07-28
C11348,U02753,P01450,3,2025-03-07
C11349,U02716,P00617,1,2024-07-04
C11350,U02304,P01413,3,2025-04-20
C11351,U02097,P00669,2,2024-09-05
C11352,U02600,P00940,3,2024-10-08
C11353,U00153,P00062,2,2024-06-19
C11354,U01094,P00214,3,2024-12-23
C11355,U00904,P01041,4,2024-08-17
C11356,U01835,P01351,2,2025-01-08
C11357,U01407,P00159,3,2024-11-06
C11358,U00197,P00581,5,2024-12-27
C11359,U00449,P00993,5,2024-07-24
C11360,U01899,P00809,4,2025-04-07
C11361,U00728,P01289,1,2024-08-02
C11362,U01262,P01451,5,2024-06-30
C11363,U01359,P00550,2,2024-11-17
C11364,U01997,P00013,5,2025-03-22
C11365,U00725,P01387,1,2024-08-20
C11366,U00403,P00375,5,2024-11-05
C11367,U02578,P01033,2,2024-09-23
C11368,U02715,P01138,5,2024-08-12
C11369,U02996,P01406,5,2025-05-15
C11370,U02479,P01086,4,2024-10-12
C11371,U00144,P00452,3,2025-01-26
C11372,U02860,P01057,3,2024-09-11
C11373,U00706,P00128,3,2024-06-28
C11374,U01049,P01350,5,2024-09-14
C11375,U00818,P01350,2,2024-10-16
C11376,U02306,P00253,5,2024-07-04
C11377,U00329,P01228,3,2024-07-31
C11378,U02028,P00810,1,2024-10-25
C11379,U00904,P00854,3,2025-01-14
C11380,U01509,P01105,3,2025-06-09
C11381,U02039,P00803,4,2025-04-24
C11382,U00679,P01394,4,2024-12-27
C11383,U01141,P00813,1,2025-03-10
C11384,U02217,P00677,5,2025-02-28
C11385,U00271,P00079,1,2024-06-29
C11386,U01860,P00667,1,2024-07-04
C11387,U00083,P01480,1,2025-05-01
C11388,U01147,P01287,3,2024-11-14
C11389,U02538,P00482,4,2025-06-11
C11390,U01881,P00306,4,2025-01-03
C11391,U01602,P00384,2,2024-11-10
C11392,U01544,P00588,2,2024-07-26
C11393,U01457,P00169,5,2025-05-02
C11394,U00603,P01318,3,2024-08-03
C11395,U01724,P00346,4,2025-05-12
C11396,U01953,P00362,5,2025-05-25
C11397,U00634,P01003,1,2025-04-14
C11398,U01008,P00075,5,2024-10-27
C11399,U00305,P01123,3,2024-10-03
C11400,U02582,P00141,3,2024-07-10
C11401,U01758,P00843,5,2025-01-15
C11402,U01768,P00658,1,2025-04-09
C11403,U00344,P01020,1,2025-04-09
C11404,U02605,P00951,1,2024-06-23
C11405,U00884,P01493,1,2025-04-29
C11406,U01211,P01103,2,2024-09-14
C11407,U00430,P00089,3,2024-10-13
C11408,U00712,P01396,3,2024-07-28
C11409,U00091,P00496,1,2024-11-13
C11410,U02212,P00253,4,2025-03-06
C11411,U01120,P01072,1,2025-01-04
C11412,U00685,P00436,4,2025-05-07
C11413,U02502,P00019,3,2025-05-18
C11414,U02021,P00578,3,2024-06-28
C11415,U02392,P01121,2,2024-07-19
C11416,U01805,P00911,4,2025-04-07
C11417,U01287,P00958,4,2025-01-23
C11418,U00704,P00246,2,2024-08-16
C11419,U02925,P01234,3,2025-02-28
C11420,U02547,P00946,4,2025-01-24
C11421,U01373,P01218,3,2024-11-09
C11422,U00604,P00315,4,2025-05-06
C11423,U01643,P00291,4,2024-09-08
C11424,U00913,P00491,4,2024-11-20
C11425,U02801,P00700,1,2025-04-25
C11426,U00848,P00764,3,2025-04-09
C11427,U01104,P00108,5,2025-03-05
C11428,U00231,P01198,5,2024-12-24
C11429,U01843,P00332,5,2024-07-13
C11430,U02568,P01372,3,2025-03-03
C11431,U00653,P01195,5,2024-07-06
C11432,U01632,P01025,3,2024-07-09
C11433,U01581,P01224,4,2025-02-01
C11434,U02195,P01138,2,2025-02-11
C11435,U00401,P00546,5,2024-09-09
C11436,U00342,P00055,2,2024-08-13
C11437,U02201,P00437,5,2024-07-06
C11438,U02518,P00275,3,2024-07-10
C11439,U01100,P00476,5,2024-10-19
C11440,U01345,P00586,3,2025-01-29
C11441,U00481,P00415,5,2025-03-22
C11442,U01809,P01073,1,2024-12-01
C11443,U02427,P00570,2,2024-07-06
C11444,U00400,P00567,3,2024-10-16
C11445,U01445,P00985,5,2024-11-17
C11446,U00887,P01415,2,2024-10-01
C11447,U02301,P00519,1,2025-04-14
C11448,U01003,P01407,5,2025-05-12
C11449,U00955,P00486,5,2024-09-09
C11450,U01649,P00176,5,2025-04-18
C11451,U00921,P01349,4,2025-03-09
C11452,U00961,P00810,2,2025-02-15
C11453,U02694,P00882,2,2024-12-23
C11454,U00748,P01297,4,2024-08-03
C11455,U00619,P00892,2,2025-05-16
C11456,U01618,P01114,1,2025-03-06
C11457,U02379,P01077,1,2024-07-21
C11458,U01279,P00073,2,2025-04-08
C11459,U00033,P00376,3,2025-04-22
C11460,U00401,P01369,3,2024-11-03
C11461,U02902,P00353,4,2024-09-25
C11462,U02003,P00040,4,2025-01-04
C11463,U01868,P00841,2,2024-09-25
C11464,U02731,P00753,3,2025-02-19
C11465,U01460,P00703,2,2025-02-23
C11466,U02084,P00153,1,2025-01-20
C11467,U01045,P00997,4,2025-04-08
C11468,U02177,P00932,3,2025-03-26
C11469,U00922,P00639,3,2024-08-16
C11470,U02200,P00126,1,2025-01-08
C11471,U01012,P01253,2,2024-08-22
C11472,U01160,P00218,4,2024-06-29
C11473,U01202,P00921,3,2024-11-24
C11474,U02641,P01310,4,2024-07-30
C11475,U01155,P00613,2,2025-02-15
C11476,U00189,P00497,4,2025-01-02
C11477,U02366,P00669,4,2024-12-06
C11478,U01131,P00060,4,2024-08-17
C11479,U00745,P00013,2,2025-03-31
C11480,U01164,P00328,2,2025-02-15
C11481,U02845,P01425,1,2025-05-30
C11482,U00774,P00016,3,2024-09-15
C11483,U02552,P01477,2,2024-07-27
C11484,U00920,P00607,5,2024-07-04
C11485,U01643,P00376,1,2024-12-02
C11486,U00163,P00756,4,2025-03-16
C11487,U02490,P00341,3,2024-10-26
C11488,U00571,P00255,5,2025-02-12
C11489,U02132,P01015,4,2025-05-04
C11490,U00404,P00323,2,2024-08-03
C11491,U01284,P00518,2,2025-01-24
C11492,U01937,P01348,3,2025-03-22
C11493,U01408,P00154,4,2024-10-02
C11494,U02046,P01381,2,2024-10-01
C11495,U01626,P00515,5,2024-11-09
C11496,U01734,P01379,5,2025-01-24
C11497,U02283,P01295,5,2025-04-20
C11498,U00825,P00936,2,2024-08-18
C11499,U00003,P01166,2,2025-02-27
C11500,U01343,P00853,3,2025-06-07
C11501,U02698,P00026,5,2025-04-15
C11502,U00636,P00941,2,2024-07-14
C11503,U02395,P00715,3,2025-03-11
C11504,U02359,P01394,2,2024-07-02
C11505,U01816,P01163,2,2024-09-15
C11506,U02619,P00803,2,2024-08-06
C11507,U00127,P00667,5,2025-01-23
C11508,U01518,P00410,5,2025-03-17
C11509,U00787,P01295,2,2025-01-07
C11510,U01647,P00088,1,2024-10-21
C11511,U00758,P00771,1,2024-10-19
C11512,U01392,P00323,1,2024-11-18
C11513,U00795,P00453,2,2024-11-14
C11514,U02446,P00403,2,2024-11-02
C11515,U01574,P00593,5,2025-05-03
C11516,U01370,P00495,5,2025-02-16
C11517,U02234,P01490,2,2024-07-24
C11518,U02049,P01135,4,2024-12-03
C11519,U01693,P00328,3,2024-08-12
C11520,U00703,P01332,1,2024-12-24
C11521,U01269,P00275,5,2025-05-10
C11522,U01922,P00214,3,2025-03-26
C11523,U00220,P00434,1,2024-12-12
C11524,U00726,P00748,3,2025-02-17
C11525,U02075,P01487,2,2025-06-08
C11526,U00817,P00603,1,2024-06-27
C11527,U00426,P01490,1,2025-03-18
C11528,U00526,P00010,5,2024-09-12
C11529,U02946,P00915,2,2024-12-02
C11530,U01499,P00500,1,2024-08-26
C11531,U02409,P00189,2,2025-02-13
C11532,U01733,P01389,4,2024-11-24
C11533,U02493,P00541,4,2024-09-26
C11534,U01257,P01127,1,2025-05-20
C11535,U00674,P00226,1,2025-05-18
C11536,U00081,P00066,1,2025-04-14
C11537,U00146,P01015,3,2024-10-26
C11538,U02580,P00563,4,2025-01-02
C11539,U01441,P00513,2,2024-12-04
C11540,U01644,P01080,3,2025-01-28
C11541,U01904,P00108,2,2024-06-30
C11542,U00203,P01144,3,2024-11-03
C11543,U00062,P00833,3,2024-11-12
C11544,U00003,P00382,3,2024-09-09
C11545,U02537,P00551,3,2024-09-21
C11546,U01396,P01070,5,2024-09-23
C11547,U01688,P00095,2,2024-07-21
C11548,U02401,P00599,3,2024-11-12
C11549,U02717,P01441,2,2024-11-09
C11550,U02003,P00022,4,2024-12-14
C11551,U00241,P00963,1,2024-10-29
C11552,U01404,P00698,4,2025-05-30
C11553,U01776,P01018,3,2024-12-01
C11554,U02828,P01238,1,2025-05-23
C11555,U02887,P01088,3,2024-09-10
C11556,U00908,P00429,1,2025-06-12
C11557,U01978,P00202,2,2025-05-12
C11558,U01541,P00914,4,2024-11-11
C11559,U01844,P01324,4,2024-06-29
C11560,U01977,P00485,5,2024-08-11
C11561,U01241,P00716,3,2024-11-29
C11562,U02503,P00402,2,2024-10-17
C11563,U01313,P01469,2,2025-05-17
C11564,U00450,P00714,3,2025-05-03
C11565,U00377,P00091,2,2024-10-16
C11566,U01288,P01177,3,2025-05-15
C11567,U01464,P00257,5,2024-12-07
C11568,U02174,P00421,5,2025-04-09
C11569,U00440,P00812,5,2025-02-05
C11570,U02651,P00971,3,2024-07-08
C11571,U00349,P00258,4,2025-01-16
C11572,U02336,P01209,1,2025-04-08
C11573,U00107,P00679,5,2025-06-09
C11574,U02615,P01201,4,2025-02-06
C11575,U02053,P00149,1,2024-10-03
C11576,U02251,P00757,3,2025-04-01
C11577,U00183,P00306,5,2025-05-12
C11578,U01398,P00616,2,2024-06-26
C11579,U02658,P00460,1,2024-12-21
C11580,U01788,P00857,4,2024-08-02
C11581,U01072,P00597,1,2025-03-20
C11582,U02710,P01108,2,2025-01-10
C11583,U01165,P00825,5,2024-08-04
C11584,U02515,P00586,4,2024-08-11
C11585,U00310,P00323,4,2025-01-17
C11586,U00793,P00879,2,2024-07-15
C11587,U01249,P01001,3,2024-07-23
C11588,U02474,P00152,4,2024-09-29
C11589,U02205,P00600,1,2024-12-10
C11590,U01025,P01430,5,2024-09-16
C11591,U01208,P00035,5,2024-07-11
C11592,U02208,P00608,3,2024-12-31
C11593,U02430,P00720,5,2024-09-01
C11594,U02379,P00440,1,2024-12-19
C11595,U01394,P00670,4,2025-04-13
C11596,U02297,P01142,1,2024-12-07
C11597,U02328,P01053,2,2024-08-04
C11598,U02599,P01476,3,2024-10-15
C11599,U02818,P00227,1,2024-10-14
C11600,U00318,P00550,2,2024-09-19
C11601,U00962,P00501,4,2025-01-28
C11602,U00904,P01061,3,2025-04-06
C11603,U01142,P00537,2,2025-04-10
C11604,U00903,P00125,3,2024-09-20
C11605,U00855,P00346,3,2024-12-31
C11606,U00508,P00747,5,2025-02-24
C11607,U01614,P00301,1,2025-04-15
C11608,U01801,P00413,2,2025-04-13
C11609,U00698,P00689,2,2024-06-20
C11610,U01539,P00572,4,2025-03-20
C11611,U00787,P00613,3,2025-06-04
C11612,U01629,P00479,3,2024-09-29
C11613,U01003,P00080,5,2024-09-17
C11614,U02667,P01015,4,2024-09-02
C11615,U00925,P00046,1,2025-03-04
C11616,U00079,P00251,1,2024-08-01
C11617,U02898,P01299,1,2024-10-20
C11618,U02509,P00672,1,2025-03-14
C11619,U01173,P01304,1,2024-09-16
C11620,U01955,P00725,3,2024-12-28
C11621,U02227,P01222,5,2025-03-20
C11622,U02699,P00885,2,2024-06-25
C11623,U00497,P00967,1,2024-11-05
C11624,U00017,P00721,5,2025-04-11
C11625,U00241,P00253,2,2025-03-03
C11626,U01323,P00186,3,2024-09-01
C11627,U02851,P00211,2,2025-01-20
C11628,U02424,P00156,1,2024-12-08
C11629,U02295,P00060,2,2024-09-03
C11630,U02392,P00584,4,2025-01-18
C11631,U00815,P00646,5,2024-07-18
C11632,U01724,P01245,5,2024-08-12
C11633,U02939,P00151,5,2024-07-01
C11634,U00477,P01234,5,2025-04-13
C11635,U01955,P01297,1,2025-06-15
C11636,U01352,P00408,5,2024-11-28
C11637,U00489,P00108,2,2024-08-03
C11638,U00558,P00432,4,2024-12-24
C11639,U00453,P01232,1,2025-06-04
C11640,U02905,P00135,5,2024-11-13
C11641,U00844,P00521,3,2024-09-02
C11642,U00829,P00345,5,2024-09-03
C11643,U01727,P00266,5,2024-07-30
C11644,U01366,P01275,3,2024-12-12
C11645,U00075,P00644,3,2024-09-11
C11646,U02135,P01242,3,2024-10-07
C11647,U01055,P00936,5,2024-06-22
C11648,U02578,P01185,4,2025-05-04
C11649,U02166,P01002,3,2024-10-13
C11650,U02794,P01403,4,2025-01-22
C11651,U02029,P00036,5,2024-09-30
C11652,U00441,P01288,1,2024-07-07
C11653,U00424,P00714,4,2025-03-16
C11654,U00691,P00077,3,2025-04-06
C11655,U01197,P01295,4,2024-10-29
C11656,U00929,P01106,5,2024-11-07
C11657,U00272,P00498,2,2024-09-21
C11658,U00664,P00944,1,2024-12-20
C11659,U01656,P00291,1,2024-06-22
C11660,U02911,P00689,5,2024-10-22
C11661,U02905,P00768,3,2024-11-24
C11662,U00985,P01108,2,2024-09-09
C11663,U00790,P00143,4,2025-04-11
C11664,U00021,P00209,3,2025-03-06
C11665,U00152,P01096,4,2025-01-31
C11666,U01943,P01298,1,2024-10-31
C11667,U02707,P00173,5,2024-08-16
C11668,U02032,P01403,2,2024-06-25
C11669,U01438,P00011,2,2025-04-03
C11670,U00136,P00135,3,2025-03-12
C11671,U00576,P01223,3,2025-05-07
C11672,U01630,P00122,3,2024-08-07
C11673,U01414,P00229,3,2025-02-21
C11674,U02638,P01494,2,2024-12-01
C11675,U00523,P00451,2,2025-04-09
C11676,U01564,P00628,5,2025-06-04
C11677,U02601,P00728,4,2024-07-06
C11678,U01953,P00788,2,2025-04-17
C11679,U02655,P01258,1,2025-02-14
C11680,U00519,P00250,5,2024-12-19
C11681,U01048,P00637,3,2024-12-12
C11682,U01360,P00096,1,2025-02-04
C11683,U00392,P01451,2,2024-09-18
C11684,U00713,P00583,2,2025-01-14
C11685,U00207,P00594,5,2024-08-30
C11686,U01225,P01118,2,2024-11-02
C11687,U01707,P00536,3,2024-10-08
C11688,U00530,P01165,3,2024-10-16
C11689,U01543,P00612,3,2025-06-17
C11690,U01965,P00408,1,2025-03-08
C11691,U02997,P00097,1,2024-11-01
C11692,U01608,P01399,3,2024-11-20
C11693,U02091,P00374,5,2024-07-23
C11694,U00342,P00708,5,2024-11-17
C11695,U00467,P00789,5,2024-11-17
C11696,U01494,P01080,1,2025-01-21
C11697,U01403,P00416,1,2024-07-12
C11698,U01227,P00842,4,2025-03-06
C11699,U02024,P00475,1,2025-01-14
C11700,U01780,P00927,2,2025-02-05
C11701,U02077,P00177,1,2025-04-15
C11702,U01875,P00652,2,2024-10-08
C11703,U00894,P00958,1,2024-09-20
C11704,U02861,P00813,3,2025-01-29
C11705,U00590,P00426,2,2025-02-08
C11706,U02700,P01031,3,2024-08-30
C11707,U02414,P00647,5,2025-05-28
C11708,U01604,P00376,1,2024-11-24
C11709,U00683,P01422,3,2025-03-02
C11710,U00708,P01097,4,2025-02-26
C11711,U02622,P00912,5,2024-10-18
C11712,U01402,P00358,4,2025-02-05
C11713,U00166,P01470,4,2024-12-03
C11714,U00240,P01421,2,2024-12-03
C11715,U02979,P00878,2,2025-02-04
C11716,U00064,P00985,2,2024-11-24
C11717,U02521,P00752,3,2024-10-10
C11718,U01981,P01095,5,2024-09-03
C11719,U02255,P00040,2,2025-03-25
C11720,U01048,P00037,2,2025-01-25
C11721,U02583,P01422,4,2025-01-16
C11722,U01160,P00866,1,2025-04-04
C11723,U02073,P00641,5,2025-05-26
C11724,U02238,P01293,3,2024-12-01
C11725,U00331,P00982,4,2025-03-05
C11726,U01338,P01134,2,2025-04-10
C11727,U01872,P00980,3,2024-08-06
C11728,U02885,P00976,5,2024-12-31
C11729,U00917,P00506,5,2024-12-17
C11730,U01590,P00216,5,2025-03-14
C11731,U01620,P00781,4,2025-02-03
C11732,U00234,P00883,4,2024-09-17
C11733,U01937,P00642,4,2025-03-21
C11734,U00589,P00615,1,2024-10-11
C11735,U02766,P00621,1,2024-07-16
C11736,U02275,P00297,1,2024-09-22
C11737,U02805,P00235,4,2024-08-08
C11738,U02146,P00542,4,2024-11-14
C11739,U00778,P00888,2,2024-10-25
C11740,U01845,P01158,4,2025-02-11
C11741,U01498,P00420,2,2024-12-09
C11742,U01888,P01444,3,2025-01-03
C11743,U02617,P01415,4,2024-08-09
C11744,U02952,P00263,3,2024-12-05
C11745,U01469,P01035,5,2024-09-08
C11746,U00050,P00114,3,2024-07-27
C11747,U02865,P00665,5,2024-08-02
C11748,U02528,P00722,5,2025-01-06
C11749,U01354,P00558,5,2024-12-15
C11750,U00672,P00437,3,2024-11-01
C11751,U02782,P00367,4,2025-02-22
C11752,U00566,P00928,2,2025-04-21
C11753,U02220,P00251,4,2025-05-19
C11754,U01981,P01332,1,2025-06-02
C11755,U01601,P01263,3,2024-08-10
C11756,U01665,P00543,2,2025-03-12
C11757,U02228,P00924,5,2024-11-12
C11758,U02796,P00794,1,2024-11-20
C11759,U02183,P00401,4,2025-05-14
C11760,U00974,P00510,3,2025-01-15
C11761,U01201,P00981,2,2025-01-30
C11762,U01249,P01148,1,2024-07-08
C11763,U00884,P00196,5,2025-03-13
C11764,U02954,P00993,2,2024-09-02
C11765,U01844,P00258,2,2025-06-02
C11766,U02274,P01406,5,2024-09-28
C11767,U01911,P00150,2,2025-03-11
C11768,U01765,P00431,4,2024-10-13
C11769,U01925,P01258,2,2025-04-30
C11770,U01102,P00572,2,2025-02-28
C11771,U02472,P00664,3,2024-08-27
C11772,U01552,P00008,1,2025-02-27
C11773,U01376,P00641,2,2024-11-24
C11774,U02004,P00796,1,2025-01-30
C11775,U01766,P01167,4,2025-02-16
C11776,U01047,P00297,5,2025-05-15
C11777,U00398,P01050,4,2024-08-26
C11778,U01196,P00365,1,2024-06-25
C11779,U00403,P00319,5,2025-02-27
C11780,U00520,P00784,4,2025-02-16
C11781,U02150,P00903,1,2025-04-19
C11782,U00667,P01316,4,2024-08-24
C11783,U02130,P00481,2,2025-04-09
C11784,U00593,P01034,4,2025-03-12
C11785,U02329,P00442,2,2024-07-06
C11786,U01941,P00746,3,2024-09-25
C11787,U01673,P01041,5,2025-04-23
C11788,U01735,P00381,4,2025-01-07
C11789,U02892,P00251,3,2025-03-10
C11790,U00454,P01043,1,2025-06-16
C11791,U02387,P00710,2,2024-12-13
C11792,U00284,P01264,3,2024-07-31
C11793,U01975,P01366,5,2025-05-29
C11794,U00617,P00507,1,2024-08-05
C11795,U00348,P01314,2,2025-01-08
C11796,U02558,P00096,2,2024-12-31
C11797,U02577,P01171,5,2025-02-10
C11798,U02708,P01010,4,2025-04-05
C11799,U02595,P01181,5,2024-08-16
C11800,U00311,P00704,5,2025-06-16
C11801,U02759,P00201,2,2025-04-06
C11802,U01453,P00337,3,2025-02-12
C11803,U00625,P01031,2,2024-12-29
C11804,U02079,P00875,4,2024-08-10
C11805,U01800,P01040,1,2024-11-19
C11806,U02206,P01435,2,2024-08-15
C11807,U02177,P01442,5,2024-09-01
C11808,U00510,P01033,4,2025-01-06
C11809,U00950,P01272,3,2024-06-25
C11810,U01889,P00023,3,2024-10-22
C11811,U01285,P01323,1,2024-11-04
C11812,U01100,P01252,2,2024-09-15
C11813,U02091,P00701,4,2024-09-09
C11814,U01021,P00147,1,2024-09-19
C11815,U01850,P00959,3,2025-05-01
C11816,U01248,P00259,4,2025-02-04
C11817,U01372,P01240,1,2024-10-21
C11818,U02367,P00251,5,2025-04-05
C11819,U01641,P00889,3,2024-06-29
C11820,U02874,P00920,5,2024-07-25
C11821,U01005,P00693,2,2024-07-10
C11822,U02196,P00765,4,2025-05-07
C11823,U00255,P00861,4,2024-09-27
C11824,U00155,P00933,2,2025-06-02
C11825,U02024,P00221,4,2025-04-24
C11826,U00352,P01356,3,2024-10-09
C11827,U02425,P00825,2,2025-02-02
C11828,U02810,P01134,3,2024-08-04
C11829,U01089,P00396,1,2024-11-23
C11830,U00328,P01001,3,2024-08-11
C11831,U00748,P00894,3,2025-01-12
C11832,U01421,P00298,2,2024-11-03
C11833,U01516,P00974,2,2025-03-10
C11834,U01583,P01095,5,2024-11-21
C11835,U01102,P00068,3,2024-12-12
C11836,U00061,P00865,5,2024-08-19
C11837,U02788,P01227,3,2025-05-20
C11838,U02182,P01282,2,2025-03-30
C11839,U02498,P01422,3,2024-07-08
C11840,U00120,P01133,5,2025-03-21
C11841,U02253,P00066,4,2024-09-23
C11842,U01545,P00314,1,2025-04-04
C11843,U01947,P01480,2,2024-11-14
C11844,U02898,P00869,1,2024-10-01
C11845,U02036,P01376,2,2024-08-02
C11846,U02977,P00073,1,2024-12-06
C11847,U00763,P00519,1,2024-11-12
C11848,U02223,P00207,4,2024-07-29
C11849,U00672,P00037,4,2024-10-08
C11850,U01694,P00840,5,2024-12-29
C11851,U00737,P01351,1,2025-04-13
C11852,U02652,P00479,2,2024-06-27
C11853,U00141,P00710,5,2024-08-20
C11854,U01656,P01158,2,2025-02-15
C11855,U01485,P00799,2,2025-03-05
C11856,U02265,P01310,1,2024-10-03
C11857,U02376,P00785,3,2025-04-17
C11858,U02697,P00732,5,2024-06-20
C11859,U01879,P01227,5,2024-09-10
C11860,U01722,P00035,5,2025-05-04
C11861,U02029,P00280,3,2025-05-10
C11862,U02636,P00013,1,2024-10-06
C11863,U01299,P00991,1,2025-05-28
C11864,U00109,P00256,3,2025-02-10
C11865,U00062,P01058,1,2024-07-28
C11866,U00476,P00395,5,2025-05-03
C11867,U00532,P01033,3,2024-08-31
C11868,U01547,P00723,3,2025-05-01
C11869,U02340,P01026,1,2025-01-14
C11870,U01697,P00558,1,2024-10-23
C11871,U02714,P01205,1,2025-02-24
C11872,U00911,P00605,5,2025-05-18
C11873,U02099,P00229,5,2025-03-11
C11874,U00304,P00014,5,2024-06-21
C11875,U00507,P00470,5,2024-10-28
C11876,U01567,P00041,5,2024-10-11
C11877,U01649,P01313,4,2024-08-06
C11878,U00006,P01133,3,2024-09-02
C11879,U00528,P00538,4,2025-02-03
C11880,U02447,P00207,5,2024-10-27
C11881,U00258,P01091,3,2025-06-12
C11882,U02457,P00574,3,2024-10-24
C11883,U00812,P00695,3,2024-11-22
C11884,U02534,P00501,4,2024-10-04
C11885,U02714,P01000,5,2025-02-10
C11886,U02595,P01447,2,2024-08-21
C11887,U00579,P00579,2,2025-04-02
C11888,U01531,P00589,3,2025-01-08
C11889,U00214,P01039,3,2025-01-26
C11890,U01628,P01456,5,2024-12-03
C11891,U00797,P00986,2,2024-12-27
C11892,U00333,P00571,3,2025-02-20
C11893,U00908,P01227,3,2024-07-17
C11894,U02410,P01225,5,2024-11-03
C11895,U01267,P00014,3,2024-10-22
C11896,U01512,P00466,4,2024-06-22
C11897,U01980,P00697,4,2025-04-23
C11898,U02947,P01396,1,2024-09-24
C11899,U02201,P00752,4,2024-08-18
C11900,U00955,P00141,4,2025-05-28
C11901,U01035,P00401,1,2024-11-18
C11902,U02207,P00259,5,2024-11-20
C11903,U00655,P00326,4,2024-11-10
C11904,U02008,P00749,2,2024-08-31
C11905,U02642,P01056,2,2025-04-26
C11906,U00652,P00841,2,2025-03-22
C11907,U02929,P00177,5,2025-01-29
C11908,U02734,P01028,1,2024-11-21
C11909,U00938,P00407,4,2024-10-19
C11910,U00633,P00025,3,2024-10-14
C11911,U00272,P00328,4,2024-12-21
C11912,U00156,P00108,4,2024-12-15
C11913,U01769,P01288,3,2024-08-02
C11914,U00515,P01137,2,2024-11-03
C11915,U00886,P00592,5,2025-06-07
C11916,U00124,P01362,1,2025-04-08
C11917,U00866,P01179,5,2024-10-02
C11918,U01155,P01180,2,2025-02-11
C11919,U00276,P00164,4,2024-08-05
C11920,U00198,P00841,1,2025-02-15
C11921,U00202,P00326,3,2025-02-03
C11922,U01252,P01377,3,2025-04-06
C11923,U01897,P00729,2,2025-02-07
C11924,U02971,P00091,4,2025-01-25
C11925,U02143,P01310,5,2025-06-15
C11926,U00341,P00192,5,2024-12-01
C11927,U00003,P00183,2,2024-09-30
C11928,U00143,P00282,5,2025-05-10
C11929,U02864,P00187,5,2024-11-30
C11930,U01822,P01271,2,2024-12-24
C11931,U00427,P00984,5,2024-09-30
C11932,U02081,P00800,1,2024-07-03
C11933,U00320,P00238,1,2024-11-10
C11934,U01671,P01156,4,2024-09-26
C11935,U01778,P00502,4,2025-03-10
C11936,U01592,P01275,4,2024-07-21
C11937,U01569,P00223,3,2025-03-12
C11938,U00994,P01478,4,2025-05-30
C11939,U00914,P00569,1,2025-01-18
C11940,U02936,P00362,4,2025-06-03
C11941,U02793,P00133,2,2024-09-28
C11942,U02167,P01454,4,2024-09-10
C11943,U00965,P01042,2,2024-06-29
C11944,U01676,P00625,3,2025-01-01
C11945,U02959,P01421,1,2024-08-19
C11946,U00845,P00662,2,2025-04-14
C11947,U01981,P00406,2,2024-08-20
C11948,U02299,P01436,5,2025-04-12
C11949,U01083,P01229,4,2025-02-11
C11950,U00631,P00762,5,2025-04-14
C11951,U01698,P00598,2,2024-10-19
C11952,U02044,P00546,3,2024-10-07
C11953,U01057,P00342,2,2024-07-17
C11954,U02301,P00012,4,2024-11-30
C11955,U02877,P00818,1,2024-12-02
C11956,U02862,P01046,3,2025-03-03
C11957,U00766,P01397,5,2025-05-01
C11958,U01768,P01191,3,2025-03-16
C11959,U01554,P00080,5,2024-08-16
C11960,U01097,P01307,1,2024-07-23
C11961,U01112,P01299,3,2024-09-09
C11962,U02881,P01075,2,2024-12-12
C11963,U00309,P00256,1,2024-08-18
C11964,U00643,P01155,4,2025-03-19
C11965,U01838,P01241,1,2024-08-18
C11966,U02141,P01102,2,2024-10-28
C11967,U00748,P00517,5,2025-06-07
C11968,U02069,P01225,4,2024-09-14
C11969,U02471,P01012,1,2025-01-16
C11970,U00258,P01006,2,2024-09-18
C11971,U01117,P01471,5,2024-12-22
C11972,U01547,P00654,2,2024-11-04
C11973,U01671,P00920,2,2024-09-29
C11974,U02123,P00709,3,2025-06-18
C11975,U02886,P01003,4,2024-10-11
C11976,U02623,P01346,3,2025-03-16
C11977,U00189,P01182,3,2025-05-25
C11978,U00907,P00343,3,2024-07-02
C11979,U02178,P01247,1,2024-08-20
C11980,U02819,P00831,5,2024-10-20
C11981,U01045,P01363,4,2024-10-25
C11982,U01471,P01143,1,2025-04-27
C11983,U00425,P00126,2,2025-03-08
C11984,U00358,P00141,3,2025-03-18
C11985,U01636,P00275,2,2024-12-14
C11986,U02525,P00747,4,2024-11-30
C11987,U02247,P00660,1,2024-07-12
C11988,U00706,P01306,3,2025-05-10
C11989,U00499,P00708,1,2025-05-05
C11990,U02942,P00265,4,2025-05-19
C11991,U00164,P01343,4,2025-05-26
C11992,U02399,P00232,4,2024-12-03
C11993,U01638,P01211,2,2024-07-17
C11994,U01734,P01342,3,2025-01-26
C11995,U01652,P00289,4,2025-01-11
C11996,U01583,P00948,1,2025-05-03
C11997,U01299,P00528,3,2024-12-16
C11998,U02253,P00008,5,2025-03-01
C11999,U00900,P01463,3,2024-07-10
C12000,U02768,P00968,5,2024-08-27
