paymentID,policyID,amount,paymentDate,method,status
PAY30001,P17470,991,2020-11-15,Debit,Failed
PAY30002,P12892,3584,2022-05-06,Debit,Failed
PAY30003,P11426,1117,2022-02-10,Credit,Failed
PAY30004,P15244,1348,2022-02-04,Bank Transfer,Failed
PAY30005,P13962,3349,2023-05-08,Debit,Failed
PAY30006,P15288,1303,2023-01-04,Bank Transfer,Failed
PAY30007,P17672,4282,2025-04-03,Credit,Success
PAY30008,P17948,1258,2022-11-20,Credit,Success
PAY30009,P14790,4091,2024-08-27,Debit,Success
PAY30010,P17958,3018,2023-02-24,Debit,Success
PAY30011,P16069,2385,2024-10-07,Debit,Success
PAY30012,P16187,3564,2021-05-12,Credit,Success
PAY30013,P14131,3849,2024-09-02,Credit,Success
PAY30014,P12617,4313,2023-08-19,Bank Transfer,Success
PAY30015,P11707,3788,2024-10-31,Bank Transfer,Failed
PAY30016,P10166,3248,2021-09-15,Bank Transfer,Success
PAY30017,P17524,3875,2024-02-27,Bank Transfer,Failed
PAY30018,P16403,2380,2022-04-25,Credit,Success
PAY30019,P14103,3453,2022-11-20,Credit,Success
PAY30020,P10853,4108,2020-06-20,Credit,Failed
PAY30021,P13605,673,2024-03-23,Debit,Failed
PAY30022,P11996,3479,2022-06-05,Bank Transfer,Success
PAY30023,P11577,3273,2021-06-23,Bank Transfer,Failed
PAY30024,P16084,2013,2023-08-24,Credit,Success
PAY30025,P12721,2109,2024-01-25,Credit,Failed
PAY30026,P16077,3688,2025-03-13,Credit,Failed
PAY30027,P11259,2517,2021-09-30,Credit,Success
PAY30028,P12869,1289,2024-01-12,Debit,Success
PAY30029,P11095,3412,2021-05-19,Credit,Failed
PAY30030,P17544,573,2023-12-17,Debit,Success
PAY30031,P11855,3868,2024-02-22,Bank Transfer,Success
PAY30032,P17628,970,2023-07-29,Bank Transfer,Success
PAY30033,P11433,1760,2022-10-24,Debit,Success
PAY30034,P17034,3687,2022-06-10,Debit,Success
PAY30035,P11441,2975,2022-08-17,Debit,Success
PAY30036,P13324,1384,2021-11-28,Credit,Failed
PAY30037,P12872,4729,2024-02-03,Credit,Success
PAY30038,P10853,833,2025-04-13,Credit,Failed
PAY30039,P11913,791,2020-08-29,Debit,Failed
PAY30040,P14832,2470,2022-03-01,Credit,Failed
PAY30041,P13195,4495,2022-01-08,Debit,Success
PAY30042,P10591,3522,2023-08-23,Credit,Success
PAY30043,P14459,4684,2024-03-26,Debit,Success
PAY30044,P12066,1589,2023-09-17,Bank Transfer,Success
PAY30045,P13745,4012,2023-08-17,Debit,Failed
PAY30046,P16617,1906,2023-01-02,Debit,Success
PAY30047,P14113,1982,2021-05-27,Bank Transfer,Failed
PAY30048,P10523,3144,2024-06-24,Credit,Failed
PAY30049,P11141,3828,2024-10-07,Credit,Success
PAY30050,P15721,1973,2022-12-21,Debit,Failed
PAY30051,P10012,3974,2021-08-29,Debit,Failed
PAY30052,P16081,4890,2024-09-23,Debit,Success
PAY30053,P17538,4884,2024-10-31,Credit,Success
PAY30054,P14777,495,2021-11-04,Credit,Failed
PAY30055,P14231,4337,2025-02-07,Bank Transfer,Success
PAY30056,P13418,4494,2021-12-15,Debit,Success
PAY30057,P13714,3128,2020-12-08,Credit,Success
PAY30058,P16406,4326,2021-05-30,Debit,Failed
PAY30059,P11736,4701,2025-05-21,Bank Transfer,Success
PAY30060,P15436,389,2022-06-14,Credit,Success
PAY30061,P17406,972,2022-01-03,Credit,Success
PAY30062,P11934,3406,2022-10-24,Credit,Success
PAY30063,P12023,3195,2024-12-25,Debit,Success
PAY30064,P11796,989,2024-02-24,Bank Transfer,Success
PAY30065,P14985,636,2023-02-10,Credit,Success
PAY30066,P17140,1779,2024-12-30,Credit,Success
PAY30067,P12363,1391,2025-04-13,Credit,Success
PAY30068,P10167,3695,2023-01-12,Credit,Success
PAY30069,P15733,4412,2022-01-28,Credit,Failed
PAY30070,P16649,4334,2023-03-18,Credit,Failed
PAY30071,P14882,2841,2020-08-05,Credit,Success
PAY30072,P17467,3314,2023-01-24,Debit,Failed
PAY30073,P10900,3450,2025-02-06,Bank Transfer,Success
PAY30074,P11585,4472,2022-08-25,Debit,Failed
PAY30075,P15540,2176,2020-12-17,Debit,Failed
PAY30076,P13295,1570,2023-10-07,Debit,Success
PAY30077,P17407,1417,2020-06-28,Credit,Failed
PAY30078,P12252,616,2025-02-28,Bank Transfer,Success
PAY30079,P10970,1884,2025-01-03,Bank Transfer,Success
PAY30080,P10798,555,2022-11-28,Debit,Success
PAY30081,P17034,3965,2024-07-05,Debit,Failed
PAY30082,P15146,3740,2023-04-16,Credit,Failed
PAY30083,P15183,4425,2022-07-27,Credit,Failed
PAY30084,P10328,4965,2022-02-02,Credit,Failed
PAY30085,P12158,1539,2024-03-10,Credit,Failed
PAY30086,P16275,1564,2020-10-08,Credit,Failed
PAY30087,P15914,2065,2022-05-11,Debit,Success
PAY30088,P15744,2128,2020-09-13,Credit,Failed
PAY30089,P10865,2196,2020-08-30,Bank Transfer,Failed
PAY30090,P16942,4851,2023-02-05,Credit,Success
PAY30091,P17475,3658,2024-12-16,Bank Transfer,Failed
PAY30092,P11087,2625,2022-07-03,Credit,Success
PAY30093,P13095,4979,2024-04-26,Credit,Failed
PAY30094,P11063,3211,2021-01-17,Bank Transfer,Success
PAY30095,P16033,4330,2024-06-15,Bank Transfer,Success
PAY30096,P11645,3957,2020-07-09,Bank Transfer,Success
PAY30097,P12259,3684,2025-04-04,Bank Transfer,Failed
PAY30098,P13922,304,2021-09-27,Credit,Success
PAY30099,P14737,2889,2024-12-02,Bank Transfer,Success
PAY30100,P15439,2050,2024-02-18,Bank Transfer,Failed
PAY30101,P11471,3631,2021-02-14,Credit,Success
PAY30102,P10887,1712,2023-02-19,Debit,Failed
PAY30103,P14735,4151,2024-11-17,Bank Transfer,Failed
PAY30104,P17974,4267,2022-04-27,Bank Transfer,Success
PAY30105,P10359,873,2024-07-19,Credit,Failed
PAY30106,P16093,1090,2024-04-15,Credit,Failed
PAY30107,P11335,805,2024-11-20,Credit,Failed
PAY30108,P10980,579,2025-04-23,Bank Transfer,Failed
PAY30109,P11748,744,2023-07-30,Debit,Failed
PAY30110,P15078,2799,2020-12-11,Bank Transfer,Failed
PAY30111,P12155,1660,2022-07-31,Bank Transfer,Success
PAY30112,P16584,3988,2023-01-21,Credit,Failed
PAY30113,P17514,637,2021-02-02,Bank Transfer,Failed
PAY30114,P12012,1717,2022-08-24,Credit,Failed
PAY30115,P16238,1243,2025-06-08,Debit,Success
PAY30116,P13914,786,2024-12-15,Debit,Success
PAY30117,P15658,2045,2021-02-18,Credit,Success
PAY30118,P14778,4458,2023-04-06,Bank Transfer,Failed
PAY30119,P17408,3979,2020-09-28,Debit,Failed
PAY30120,P11819,2200,2022-03-11,Bank Transfer,Failed
PAY30121,P16676,4565,2024-08-12,Credit,Success
PAY30122,P11021,3741,2022-01-09,Credit,Success
PAY30123,P14270,963,2023-08-30,Bank Transfer,Success
PAY30124,P14311,4308,2024-04-13,Bank Transfer,Failed
PAY30125,P17241,3683,2020-08-03,Bank Transfer,Failed
PAY30126,P15995,3547,2022-04-01,Credit,Failed
PAY30127,P12515,2407,2022-10-04,Credit,Failed
PAY30128,P12479,4396,2023-01-15,Debit,Failed
PAY30129,P10667,3507,2021-09-19,Credit,Failed
PAY30130,P16024,1204,2021-01-22,Credit,Failed
PAY30131,P11079,1986,2022-10-16,Credit,Failed
PAY30132,P16959,4518,2021-02-26,Debit,Success
PAY30133,P12660,1314,2025-04-06,Bank Transfer,Success
PAY30134,P14186,840,2025-05-30,Debit,Failed
PAY30135,P14855,1696,2025-04-04,Credit,Failed
PAY30136,P10382,2836,2023-04-04,Bank Transfer,Failed
PAY30137,P11445,805,2022-05-03,Bank Transfer,Success
PAY30138,P10680,3512,2023-01-16,Credit,Success
PAY30139,P16024,3977,2022-06-23,Debit,Success
PAY30140,P16549,3660,2020-12-09,Debit,Failed
PAY30141,P15540,3421,2025-04-24,Credit,Success
PAY30142,P12116,841,2023-06-27,Debit,Success
PAY30143,P11396,1736,2023-12-12,Bank Transfer,Success
PAY30144,P12718,2880,2022-10-24,Bank Transfer,Failed
PAY30145,P17190,340,2022-08-24,Credit,Success
PAY30146,P15438,388,2025-04-05,Bank Transfer,Failed
PAY30147,P10120,2246,2023-02-22,Credit,Success
PAY30148,P11009,3757,2022-02-12,Bank Transfer,Failed
PAY30149,P16854,4859,2021-11-26,Debit,Success
PAY30150,P15587,4887,2024-11-05,Bank Transfer,Success
PAY30151,P10182,4841,2020-09-02,Credit,Failed
PAY30152,P16171,3674,2024-08-02,Credit,Success
PAY30153,P16362,850,2020-08-18,Bank Transfer,Success
PAY30154,P14590,3774,2023-07-18,Bank Transfer,Failed
PAY30155,P15338,416,2022-03-13,Debit,Failed
PAY30156,P10367,4779,2020-07-03,Credit,Failed
PAY30157,P11406,4872,2025-01-16,Bank Transfer,Failed
PAY30158,P15546,2741,2025-05-16,Credit,Success
PAY30159,P10188,1468,2021-12-30,Credit,Success
PAY30160,P11484,1801,2021-05-15,Debit,Failed
PAY30161,P11037,3702,2022-07-20,Debit,Success
PAY30162,P10472,4768,2020-08-12,Bank Transfer,Failed
PAY30163,P17113,4825,2021-12-13,Debit,Failed
PAY30164,P11031,671,2022-03-14,Debit,Success
PAY30165,P17373,4215,2022-12-11,Debit,Failed
PAY30166,P10504,2684,2022-01-22,Credit,Success
PAY30167,P13068,3610,2022-02-20,Bank Transfer,Success
PAY30168,P12063,4087,2023-09-07,Debit,Success
PAY30169,P14050,1598,2021-02-06,Debit,Failed
PAY30170,P10773,2698,2023-03-20,Credit,Success
PAY30171,P10863,585,2024-10-26,Credit,Success
PAY30172,P10829,2341,2021-10-14,Credit,Failed
PAY30173,P17543,4451,2024-06-14,Debit,Failed
PAY30174,P15556,4565,2022-05-10,Bank Transfer,Success
PAY30175,P11439,1501,2022-04-27,Credit,Failed
PAY30176,P15324,1341,2021-04-01,Credit,Success
PAY30177,P17715,2885,2024-08-06,Bank Transfer,Success
PAY30178,P11623,620,2023-09-16,Bank Transfer,Success
PAY30179,P16573,3124,2025-01-01,Credit,Failed
PAY30180,P10485,356,2024-04-01,Debit,Failed
PAY30181,P12291,3473,2020-07-12,Credit,Success
PAY30182,P10511,3676,2020-08-12,Credit,Success
PAY30183,P14003,2162,2024-08-21,Bank Transfer,Failed
PAY30184,P11136,2168,2024-01-21,Debit,Success
PAY30185,P13716,1833,2023-06-05,Debit,Failed
PAY30186,P12652,3960,2021-05-23,Bank Transfer,Failed
PAY30187,P15931,1387,2022-08-28,Bank Transfer,Success
PAY30188,P13398,1155,2023-07-12,Bank Transfer,Failed
PAY30189,P14618,1034,2025-06-09,Debit,Failed
PAY30190,P12278,3524,2022-10-07,Debit,Failed
PAY30191,P12737,1079,2025-06-03,Bank Transfer,Success
PAY30192,P16841,4107,2024-08-24,Bank Transfer,Success
PAY30193,P14327,3618,2023-07-07,Bank Transfer,Success
PAY30194,P17327,3916,2023-07-22,Bank Transfer,Success
PAY30195,P12166,493,2022-08-18,Bank Transfer,Failed
PAY30196,P12088,4014,2020-12-23,Credit,Failed
PAY30197,P10367,3007,2023-03-28,Bank Transfer,Success
PAY30198,P12131,2880,2024-10-23,Debit,Failed
PAY30199,P12129,4355,2024-08-24,Credit,Success
PAY30200,P11946,2359,2024-10-04,Bank Transfer,Failed
PAY30201,P16295,2251,2022-03-02,Bank Transfer,Failed
PAY30202,P15097,3559,2023-05-13,Bank Transfer,Success
PAY30203,P17035,388,2025-04-26,Credit,Success
PAY30204,P11317,4055,2021-12-24,Debit,Success
PAY30205,P14313,3074,2020-08-24,Debit,Failed
PAY30206,P14177,3441,2021-12-20,Credit,Failed
PAY30207,P17035,2541,2024-06-13,Bank Transfer,Success
PAY30208,P12889,3091,2024-10-11,Bank Transfer,Success
PAY30209,P10751,4310,2022-07-21,Debit,Failed
PAY30210,P14805,4127,2021-03-24,Bank Transfer,Failed
PAY30211,P12324,4243,2024-11-10,Bank Transfer,Failed
PAY30212,P14357,1907,2023-08-13,Bank Transfer,Failed
PAY30213,P14080,4999,2021-07-02,Debit,Failed
PAY30214,P11185,4757,2021-04-10,Debit,Success
PAY30215,P17293,4671,2024-05-02,Credit,Failed
PAY30216,P10621,2427,2024-09-02,Debit,Failed
PAY30217,P11052,2165,2024-10-12,Debit,Success
PAY30218,P11078,633,2021-03-06,Credit,Failed
PAY30219,P13535,4966,2021-01-23,Credit,Success
PAY30220,P16825,2103,2022-05-25,Debit,Success
PAY30221,P10476,4688,2024-04-12,Credit,Failed
PAY30222,P14155,4731,2022-04-09,Debit,Failed
PAY30223,P15843,443,2025-01-26,Bank Transfer,Failed
PAY30224,P16143,1431,2020-11-21,Debit,Failed
PAY30225,P15058,4735,2022-07-15,Credit,Failed
PAY30226,P13013,2890,2024-08-23,Bank Transfer,Success
PAY30227,P17764,825,2023-08-09,Bank Transfer,Success
PAY30228,P12929,1524,2023-05-15,Bank Transfer,Success
PAY30229,P11815,3968,2025-03-02,Debit,Failed
PAY30230,P15998,2196,2023-08-01,Credit,Failed
PAY30231,P16428,394,2023-12-19,Bank Transfer,Success
PAY30232,P12157,1711,2021-06-01,Debit,Success
PAY30233,P14380,2632,2022-10-30,Credit,Failed
PAY30234,P17248,4330,2023-04-21,Debit,Success
PAY30235,P13976,538,2024-04-24,Credit,Success
PAY30236,P13789,4944,2025-01-25,Debit,Success
PAY30237,P16905,3042,2024-04-07,Bank Transfer,Success
PAY30238,P15140,4333,2025-03-13,Bank Transfer,Success
PAY30239,P10832,2688,2024-08-19,Bank Transfer,Success
PAY30240,P15129,2603,2022-05-11,Credit,Failed
PAY30241,P12071,2892,2024-06-18,Bank Transfer,Success
PAY30242,P12113,1209,2023-08-10,Credit,Success
PAY30243,P14346,3675,2020-10-15,Debit,Failed
PAY30244,P11085,3394,2021-09-05,Bank Transfer,Success
PAY30245,P16019,2454,2021-09-19,Debit,Success
PAY30246,P15749,3497,2021-11-14,Credit,Success
PAY30247,P16626,3011,2024-08-25,Debit,Success
PAY30248,P14444,2306,2024-12-29,Bank Transfer,Success
PAY30249,P11653,1651,2022-05-10,Debit,Success
PAY30250,P14314,787,2025-06-13,Debit,Success
PAY30251,P14780,863,2022-05-15,Debit,Failed
PAY30252,P12851,3800,2023-11-08,Bank Transfer,Failed
PAY30253,P16329,665,2025-04-29,Bank Transfer,Failed
PAY30254,P12025,344,2023-04-26,Credit,Failed
PAY30255,P16345,2694,2022-04-03,Debit,Success
PAY30256,P10910,765,2025-02-03,Debit,Failed
PAY30257,P10175,4013,2022-08-05,Credit,Success
PAY30258,P17984,481,2020-07-30,Debit,Failed
PAY30259,P11872,1523,2021-06-02,Debit,Failed
PAY30260,P12256,1536,2020-08-30,Credit,Failed
PAY30261,P10755,2033,2025-01-25,Credit,Success
PAY30262,P17307,909,2020-09-18,Bank Transfer,Success
PAY30263,P14656,860,2024-03-01,Bank Transfer,Success
PAY30264,P11739,4855,2021-05-15,Bank Transfer,Success
PAY30265,P17048,2656,2023-10-15,Debit,Success
PAY30266,P17804,1423,2024-06-30,Credit,Success
PAY30267,P11838,960,2022-06-04,Credit,Failed
PAY30268,P11122,4047,2021-05-31,Bank Transfer,Success
PAY30269,P15078,1332,2022-04-05,Credit,Success
PAY30270,P11367,2658,2024-10-16,Debit,Success
PAY30271,P13516,2985,2024-10-01,Debit,Failed
PAY30272,P17056,1248,2021-06-24,Credit,Success
PAY30273,P12895,1375,2025-02-06,Debit,Failed
PAY30274,P10825,2361,2024-11-04,Credit,Success
PAY30275,P11196,4049,2021-11-29,Debit,Failed
PAY30276,P17715,1340,2022-11-01,Bank Transfer,Success
PAY30277,P13578,4383,2020-09-29,Debit,Failed
PAY30278,P17036,956,2025-02-21,Debit,Failed
PAY30279,P10077,1912,2025-01-12,Debit,Success
PAY30280,P12357,2255,2021-05-16,Bank Transfer,Failed
PAY30281,P10658,1065,2021-11-14,Credit,Success
PAY30282,P12122,3616,2021-10-08,Debit,Success
PAY30283,P10019,437,2020-07-01,Credit,Failed
PAY30284,P16837,2520,2023-02-21,Bank Transfer,Success
PAY30285,P10367,790,2020-09-11,Bank Transfer,Failed
PAY30286,P13691,4301,2023-02-01,Debit,Success
PAY30287,P17295,3977,2023-03-27,Credit,Success
PAY30288,P17564,3828,2022-01-20,Debit,Failed
PAY30289,P17943,3357,2023-08-08,Credit,Success
PAY30290,P17871,4882,2024-07-26,Bank Transfer,Success
PAY30291,P15926,4921,2023-12-07,Bank Transfer,Success
PAY30292,P10021,571,2024-06-22,Bank Transfer,Success
PAY30293,P14577,810,2021-04-16,Debit,Failed
PAY30294,P16182,448,2023-06-18,Debit,Failed
PAY30295,P14938,3269,2021-01-05,Debit,Success
PAY30296,P16364,1219,2020-06-30,Debit,Success
PAY30297,P15401,1217,2024-05-07,Debit,Failed
PAY30298,P14623,3039,2020-11-28,Bank Transfer,Failed
PAY30299,P15304,2836,2022-11-04,Bank Transfer,Failed
PAY30300,P17957,1897,2024-01-15,Debit,Failed
PAY30301,P13798,2452,2023-02-19,Bank Transfer,Success
PAY30302,P16777,2633,2024-11-03,Debit,Failed
PAY30303,P13545,4770,2022-04-23,Credit,Failed
PAY30304,P15825,4258,2024-02-03,Credit,Success
PAY30305,P17369,3414,2023-12-24,Bank Transfer,Success
PAY30306,P13335,4309,2023-12-05,Bank Transfer,Failed
PAY30307,P13482,4609,2021-10-24,Bank Transfer,Success
PAY30308,P14857,1593,2021-05-17,Bank Transfer,Failed
PAY30309,P13328,1392,2022-10-06,Credit,Success
PAY30310,P13519,2828,2021-09-17,Credit,Success
PAY30311,P10792,4450,2023-08-04,Credit,Failed
PAY30312,P13095,4996,2021-01-01,Bank Transfer,Failed
PAY30313,P12680,3016,2022-09-13,Credit,Failed
PAY30314,P13926,1200,2021-05-25,Credit,Failed
PAY30315,P11345,710,2024-10-21,Credit,Success
PAY30316,P15396,2709,2021-11-03,Bank Transfer,Success
PAY30317,P16068,2335,2021-10-20,Debit,Success
PAY30318,P11082,2663,2024-05-03,Debit,Failed
PAY30319,P16718,4678,2020-10-10,Credit,Failed
PAY30320,P12689,2729,2022-07-01,Debit,Failed
PAY30321,P10846,1353,2021-07-07,Bank Transfer,Success
PAY30322,P12265,860,2023-08-12,Debit,Success
PAY30323,P13967,925,2020-07-10,Credit,Success
PAY30324,P10092,1669,2021-07-27,Debit,Success
PAY30325,P10794,4863,2021-02-20,Debit,Failed
PAY30326,P10083,2399,2023-09-18,Debit,Success
PAY30327,P14528,2537,2023-08-15,Debit,Failed
PAY30328,P13275,2214,2021-03-13,Credit,Failed
PAY30329,P16003,3903,2022-12-13,Bank Transfer,Failed
PAY30330,P16570,4531,2024-02-19,Bank Transfer,Failed
PAY30331,P15605,3328,2022-03-28,Bank Transfer,Failed
PAY30332,P11182,2893,2021-03-23,Credit,Success
PAY30333,P12890,3099,2023-09-16,Bank Transfer,Success
PAY30334,P12451,662,2023-02-26,Bank Transfer,Failed
PAY30335,P14485,951,2020-10-28,Credit,Failed
PAY30336,P10902,354,2021-10-23,Credit,Failed
PAY30337,P17197,771,2022-11-05,Debit,Success
PAY30338,P12742,540,2022-12-09,Bank Transfer,Success
PAY30339,P13553,733,2023-06-28,Bank Transfer,Success
PAY30340,P15431,3871,2023-04-23,Credit,Success
PAY30341,P15851,3133,2022-05-21,Bank Transfer,Success
PAY30342,P17449,3958,2022-03-16,Bank Transfer,Failed
PAY30343,P11666,4742,2025-03-21,Bank Transfer,Failed
PAY30344,P15356,1190,2025-02-19,Credit,Failed
PAY30345,P10792,2330,2021-02-27,Credit,Success
PAY30346,P12058,2335,2021-04-30,Bank Transfer,Success
PAY30347,P12792,4319,2021-08-13,Credit,Success
PAY30348,P14055,4877,2022-03-02,Debit,Success
PAY30349,P12768,2950,2022-12-12,Bank Transfer,Success
PAY30350,P13438,311,2023-04-04,Debit,Success
PAY30351,P14293,2455,2021-09-10,Bank Transfer,Failed
PAY30352,P16494,3448,2022-08-03,Debit,Success
PAY30353,P10578,2704,2022-10-03,Debit,Failed
PAY30354,P16261,1271,2023-10-06,Debit,Failed
PAY30355,P12529,1218,2025-04-07,Credit,Success
PAY30356,P11917,2582,2021-06-14,Credit,Failed
PAY30357,P11974,3880,2020-11-03,Debit,Success
PAY30358,P13239,1582,2024-06-01,Credit,Failed
PAY30359,P14835,1112,2020-12-04,Debit,Failed
PAY30360,P12454,2180,2021-06-15,Credit,Failed
PAY30361,P12543,1606,2023-04-11,Credit,Failed
PAY30362,P14654,1104,2020-12-30,Bank Transfer,Failed
PAY30363,P12537,4384,2022-08-18,Credit,Success
PAY30364,P10796,3847,2023-08-25,Bank Transfer,Success
PAY30365,P10049,877,2023-05-14,Bank Transfer,Failed
PAY30366,P13082,2335,2023-06-28,Debit,Failed
PAY30367,P17870,1216,2021-02-12,Credit,Success
PAY30368,P13617,4738,2024-04-22,Debit,Failed
PAY30369,P13788,2073,2023-11-23,Bank Transfer,Failed
PAY30370,P13933,2118,2024-04-04,Debit,Success
PAY30371,P12563,1608,2021-01-11,Bank Transfer,Failed
PAY30372,P10951,2212,2021-07-23,Credit,Failed
PAY30373,P17360,4548,2025-03-22,Credit,Success
PAY30374,P14892,2912,2023-04-20,Credit,Failed
PAY30375,P14664,1995,2023-12-04,Debit,Success
PAY30376,P11518,4796,2023-02-06,Bank Transfer,Success
PAY30377,P15545,366,2021-06-24,Credit,Failed
PAY30378,P17400,508,2022-04-10,Credit,Success
PAY30379,P11044,387,2022-11-23,Bank Transfer,Failed
PAY30380,P12748,3318,2024-01-16,Debit,Success
PAY30381,P16849,4958,2023-10-07,Debit,Failed
PAY30382,P15198,452,2022-04-04,Bank Transfer,Failed
PAY30383,P10773,2681,2020-10-10,Credit,Failed
PAY30384,P11705,1065,2024-09-25,Credit,Success
PAY30385,P15005,4478,2021-11-30,Bank Transfer,Success
PAY30386,P15283,2704,2020-12-16,Bank Transfer,Failed
PAY30387,P10881,1662,2021-07-28,Debit,Failed
PAY30388,P17176,4528,2021-12-27,Debit,Failed
PAY30389,P15004,3657,2022-11-23,Debit,Failed
PAY30390,P16157,3172,2020-12-26,Bank Transfer,Failed
PAY30391,P13060,2727,2021-08-09,Debit,Success
PAY30392,P12154,1898,2024-04-26,Credit,Failed
PAY30393,P13643,2571,2022-02-21,Bank Transfer,Failed
PAY30394,P10879,909,2025-03-12,Bank Transfer,Success
PAY30395,P12831,1316,2022-05-16,Bank Transfer,Success
PAY30396,P10846,481,2021-11-29,Bank Transfer,Failed
PAY30397,P14280,3228,2020-11-09,Debit,Success
PAY30398,P14630,1115,2023-04-24,Credit,Failed
PAY30399,P17109,3225,2025-04-21,Credit,Failed
PAY30400,P17137,1223,2022-02-02,Bank Transfer,Failed
PAY30401,P11863,3695,2024-07-25,Credit,Success
PAY30402,P15535,4853,2022-08-03,Debit,Failed
PAY30403,P13422,507,2023-02-08,Debit,Failed
PAY30404,P17432,2238,2021-10-05,Credit,Success
PAY30405,P16917,3228,2023-11-12,Debit,Success
PAY30406,P10375,2673,2022-12-03,Debit,Success
PAY30407,P16344,694,2023-09-05,Bank Transfer,Failed
PAY30408,P17340,4519,2022-09-14,Bank Transfer,Failed
PAY30409,P10903,3305,2022-03-05,Bank Transfer,Failed
PAY30410,P14894,3102,2021-08-13,Bank Transfer,Success
PAY30411,P15467,1604,2025-04-02,Bank Transfer,Failed
PAY30412,P11543,4175,2024-07-19,Credit,Success
PAY30413,P11397,4739,2023-04-20,Bank Transfer,Success
PAY30414,P17537,999,2022-04-09,Debit,Failed
PAY30415,P11862,4274,2025-02-14,Credit,Failed
PAY30416,P10821,3078,2021-07-28,Credit,Success
PAY30417,P16908,4001,2023-05-15,Credit,Failed
PAY30418,P17162,2056,2021-11-22,Credit,Success
PAY30419,P13246,1148,2022-09-15,Credit,Failed
PAY30420,P11418,3849,2024-10-01,Credit,Failed
PAY30421,P14902,3709,2022-03-01,Credit,Failed
PAY30422,P16895,1465,2025-06-17,Bank Transfer,Success
PAY30423,P15067,3121,2021-12-27,Debit,Success
PAY30424,P12725,559,2021-12-01,Debit,Success
PAY30425,P13719,4406,2024-10-03,Bank Transfer,Success
PAY30426,P16705,4388,2020-07-15,Bank Transfer,Success
PAY30427,P10421,2246,2024-04-14,Credit,Success
PAY30428,P12243,544,2024-03-04,Bank Transfer,Success
PAY30429,P12012,4676,2025-01-12,Bank Transfer,Failed
PAY30430,P17919,4513,2020-12-07,Bank Transfer,Success
PAY30431,P15885,1149,2024-04-11,Debit,Failed
PAY30432,P13293,898,2024-07-02,Debit,Success
PAY30433,P17807,308,2021-06-02,Debit,Failed
PAY30434,P11325,747,2021-02-25,Credit,Success
PAY30435,P17148,2855,2021-09-15,Bank Transfer,Failed
PAY30436,P13171,4105,2021-01-05,Bank Transfer,Failed
PAY30437,P16514,4399,2024-06-08,Debit,Failed
PAY30438,P11755,1608,2024-06-28,Credit,Success
PAY30439,P16219,2402,2022-10-17,Debit,Failed
PAY30440,P16143,2982,2024-12-26,Credit,Failed
PAY30441,P17123,487,2021-10-27,Debit,Failed
PAY30442,P14513,4206,2024-10-24,Credit,Failed
PAY30443,P11103,921,2022-03-30,Credit,Success
PAY30444,P15740,2469,2020-10-26,Debit,Success
PAY30445,P16747,577,2021-01-26,Debit,Success
PAY30446,P16396,2196,2021-01-13,Credit,Failed
PAY30447,P14654,2928,2023-04-19,Debit,Success
PAY30448,P10521,316,2025-03-23,Credit,Failed
PAY30449,P12268,4846,2021-03-21,Credit,Success
PAY30450,P13009,1970,2024-11-25,Debit,Failed
PAY30451,P10515,3293,2023-04-24,Credit,Failed
PAY30452,P17114,1831,2021-06-04,Bank Transfer,Failed
PAY30453,P12909,2146,2024-04-08,Bank Transfer,Failed
PAY30454,P16814,4035,2022-08-05,Bank Transfer,Success
PAY30455,P11466,4751,2024-02-13,Credit,Failed
PAY30456,P11150,3283,2021-07-16,Credit,Success
PAY30457,P11477,359,2021-11-21,Credit,Failed
PAY30458,P11548,965,2023-11-16,Debit,Failed
PAY30459,P12147,3825,2025-02-26,Debit,Success
PAY30460,P14594,2903,2023-07-02,Bank Transfer,Success
PAY30461,P12433,3514,2024-09-16,Bank Transfer,Failed
PAY30462,P11809,4076,2024-10-30,Credit,Failed
PAY30463,P11379,3606,2024-03-20,Debit,Success
PAY30464,P15911,2095,2020-08-27,Credit,Failed
PAY30465,P14449,3406,2023-01-06,Credit,Failed
PAY30466,P10768,3630,2020-12-14,Bank Transfer,Success
PAY30467,P13548,3038,2024-04-01,Debit,Failed
PAY30468,P16481,1990,2023-03-04,Bank Transfer,Failed
PAY30469,P13102,3549,2021-10-03,Credit,Failed
PAY30470,P14421,657,2021-05-03,Credit,Failed
PAY30471,P10599,776,2022-06-08,Bank Transfer,Failed
PAY30472,P17354,4523,2023-03-24,Bank Transfer,Failed
PAY30473,P14091,2372,2021-04-20,Bank Transfer,Success
PAY30474,P13844,4891,2025-01-19,Debit,Failed
PAY30475,P13086,567,2020-08-01,Bank Transfer,Success
PAY30476,P14236,1864,2025-01-23,Debit,Failed
PAY30477,P16579,1310,2023-01-14,Credit,Failed
PAY30478,P17141,4651,2022-12-16,Bank Transfer,Success
PAY30479,P10444,1159,2022-10-16,Bank Transfer,Failed
PAY30480,P13897,1632,2024-06-14,Bank Transfer,Success
PAY30481,P17802,2453,2021-09-24,Credit,Success
PAY30482,P12656,2222,2024-03-11,Bank Transfer,Success
PAY30483,P15605,4830,2023-03-02,Bank Transfer,Failed
PAY30484,P17083,1781,2024-10-14,Debit,Failed
PAY30485,P12600,1688,2021-03-19,Bank Transfer,Success
PAY30486,P12368,3673,2023-03-19,Debit,Failed
PAY30487,P11007,2762,2020-09-17,Debit,Success
PAY30488,P14076,1202,2021-03-11,Credit,Success
PAY30489,P14034,2334,2024-09-21,Credit,Success
PAY30490,P15829,2310,2024-05-18,Bank Transfer,Success
PAY30491,P13904,4029,2023-04-15,Credit,Success
PAY30492,P15021,3870,2022-09-04,Credit,Failed
PAY30493,P14439,1814,2023-07-11,Bank Transfer,Success
PAY30494,P17045,3581,2024-09-25,Credit,Success
PAY30495,P13649,624,2022-01-30,Debit,Success
PAY30496,P10243,1925,2023-07-30,Bank Transfer,Failed
PAY30497,P14801,2126,2020-11-07,Bank Transfer,Success
PAY30498,P16066,740,2021-04-28,Credit,Success
PAY30499,P12493,2976,2024-04-24,Credit,Failed
PAY30500,P15412,2072,2022-04-10,Debit,Failed
PAY30501,P16393,4271,2023-11-05,Bank Transfer,Success
PAY30502,P15659,1763,2021-02-02,Credit,Failed
PAY30503,P16098,495,2023-12-28,Bank Transfer,Failed
PAY30504,P13299,2629,2020-09-08,Credit,Success
PAY30505,P17912,1362,2024-08-16,Credit,Success
PAY30506,P14045,1759,2023-02-22,Debit,Failed
PAY30507,P10949,3178,2022-03-08,Bank Transfer,Failed
PAY30508,P10310,324,2022-02-17,Bank Transfer,Failed
PAY30509,P13784,1316,2021-08-25,Debit,Success
PAY30510,P15497,609,2021-01-03,Bank Transfer,Failed
PAY30511,P16544,836,2023-01-01,Bank Transfer,Failed
PAY30512,P17947,3589,2020-12-11,Bank Transfer,Failed
PAY30513,P11202,3316,2022-05-29,Debit,Success
PAY30514,P12154,354,2023-10-19,Debit,Success
PAY30515,P14208,4705,2020-10-16,Bank Transfer,Failed
PAY30516,P12677,4222,2021-08-20,Bank Transfer,Failed
PAY30517,P11953,2883,2022-12-31,Credit,Success
PAY30518,P17433,340,2024-12-10,Credit,Success
PAY30519,P16468,442,2021-05-06,Bank Transfer,Success
PAY30520,P13511,1782,2021-09-03,Bank Transfer,Success
PAY30521,P10443,3831,2023-05-31,Bank Transfer,Success
PAY30522,P17604,1068,2020-11-25,Bank Transfer,Success
PAY30523,P11137,1045,2022-06-06,Bank Transfer,Failed
PAY30524,P16972,2950,2022-05-10,Bank Transfer,Success
PAY30525,P13387,2626,2022-06-22,Debit,Success
PAY30526,P10474,2057,2021-04-02,Debit,Failed
PAY30527,P16318,350,2023-12-03,Debit,Failed
PAY30528,P15359,3487,2022-08-07,Bank Transfer,Success
PAY30529,P10487,3504,2021-02-26,Credit,Success
PAY30530,P11953,600,2023-04-10,Credit,Success
PAY30531,P13382,612,2024-10-11,Bank Transfer,Success
PAY30532,P16952,4732,2021-07-04,Bank Transfer,Success
PAY30533,P12962,896,2020-08-05,Credit,Success
PAY30534,P11110,4794,2023-05-08,Debit,Failed
PAY30535,P10561,3358,2020-11-09,Debit,Success
PAY30536,P15875,3625,2021-05-10,Bank Transfer,Failed
PAY30537,P12374,2061,2025-01-12,Bank Transfer,Failed
PAY30538,P12951,1202,2023-08-08,Bank Transfer,Failed
PAY30539,P12946,2161,2020-09-23,Credit,Failed
PAY30540,P16872,2764,2022-09-30,Credit,Failed
PAY30541,P17585,3627,2023-11-14,Debit,Failed
PAY30542,P15769,708,2025-02-15,Debit,Success
PAY30543,P10846,1114,2024-02-14,Debit,Success
PAY30544,P14588,1415,2022-04-24,Debit,Failed
PAY30545,P13695,4223,2024-08-05,Debit,Failed
PAY30546,P13641,1537,2021-10-10,Credit,Failed
PAY30547,P13284,4596,2021-05-26,Credit,Success
PAY30548,P10180,3786,2021-09-30,Credit,Success
PAY30549,P17549,521,2021-11-08,Credit,Failed
PAY30550,P12210,3096,2023-09-07,Debit,Failed
PAY30551,P16184,4508,2025-03-08,Debit,Failed
PAY30552,P10390,384,2024-12-06,Credit,Success
PAY30553,P15823,1313,2022-02-19,Debit,Success
PAY30554,P12792,3455,2023-01-30,Bank Transfer,Failed
PAY30555,P17969,4641,2022-08-13,Debit,Success
PAY30556,P17344,2033,2023-06-24,Credit,Failed
PAY30557,P17482,2594,2023-04-18,Credit,Success
PAY30558,P13266,778,2023-11-17,Debit,Failed
PAY30559,P10083,2430,2025-02-06,Credit,Success
PAY30560,P13428,1032,2022-07-17,Debit,Failed
PAY30561,P17939,1131,2020-11-04,Credit,Failed
PAY30562,P14645,3223,2024-08-13,Credit,Failed
PAY30563,P12418,1304,2024-07-04,Credit,Failed
PAY30564,P13916,4587,2025-01-29,Debit,Success
PAY30565,P16637,2075,2023-12-27,Credit,Failed
PAY30566,P12480,2005,2022-03-20,Debit,Failed
PAY30567,P10595,955,2023-06-25,Bank Transfer,Failed
PAY30568,P13307,4514,2021-08-17,Debit,Failed
PAY30569,P16334,4272,2023-04-10,Debit,Success
PAY30570,P14700,3345,2022-04-13,Bank Transfer,Success
PAY30571,P12252,3502,2021-12-27,Debit,Success
PAY30572,P17403,4605,2022-12-05,Bank Transfer,Success
PAY30573,P11424,4351,2023-07-05,Credit,Success
PAY30574,P17518,4261,2023-10-02,Debit,Failed
PAY30575,P12300,3272,2021-05-31,Bank Transfer,Failed
PAY30576,P17683,1859,2024-03-05,Bank Transfer,Failed
PAY30577,P17795,4424,2021-03-23,Bank Transfer,Failed
PAY30578,P12014,2441,2021-03-02,Debit,Success
PAY30579,P13730,1289,2023-09-17,Credit,Failed
PAY30580,P12851,728,2024-08-04,Debit,Success
PAY30581,P10472,2457,2021-08-22,Credit,Success
PAY30582,P15663,2491,2023-09-14,Debit,Success
PAY30583,P15197,4418,2024-01-12,Debit,Success
PAY30584,P11361,2489,2022-06-30,Debit,Success
PAY30585,P16988,2576,2025-06-15,Credit,Success
PAY30586,P12317,1177,2021-11-20,Bank Transfer,Success
PAY30587,P10711,3719,2020-10-29,Debit,Success
PAY30588,P15492,1071,2024-12-29,Debit,Failed
PAY30589,P13845,929,2022-03-02,Debit,Success
PAY30590,P15862,2540,2022-11-20,Debit,Success
PAY30591,P17410,3293,2023-08-22,Bank Transfer,Failed
PAY30592,P14541,4271,2024-11-14,Debit,Success
PAY30593,P11897,2446,2025-06-14,Debit,Success
PAY30594,P10175,743,2020-10-20,Credit,Failed
PAY30595,P16694,4441,2024-05-12,Credit,Success
PAY30596,P13590,4745,2023-04-08,Credit,Success
PAY30597,P14631,619,2024-02-21,Credit,Success
PAY30598,P12570,646,2025-05-23,Credit,Success
PAY30599,P13288,1029,2023-12-26,Bank Transfer,Failed
PAY30600,P10763,1863,2024-07-12,Bank Transfer,Success
PAY30601,P14827,4768,2024-07-31,Credit,Success
PAY30602,P11928,1905,2021-12-18,Debit,Failed
PAY30603,P17435,495,2022-04-02,Debit,Success
PAY30604,P16066,2698,2024-09-09,Credit,Success
PAY30605,P12871,3614,2022-03-10,Debit,Failed
PAY30606,P15989,1887,2020-12-09,Bank Transfer,Failed
PAY30607,P16307,1200,2023-05-09,Bank Transfer,Failed
PAY30608,P14614,651,2022-01-21,Debit,Failed
PAY30609,P15880,2723,2021-03-01,Debit,Success
PAY30610,P13609,2823,2020-08-02,Bank Transfer,Failed
PAY30611,P12450,4664,2025-06-02,Credit,Success
PAY30612,P15932,1020,2023-07-17,Debit,Success
PAY30613,P17472,1374,2021-12-05,Credit,Failed
PAY30614,P16660,4208,2020-07-26,Bank Transfer,Failed
PAY30615,P14652,3346,2024-10-14,Debit,Failed
PAY30616,P14719,2519,2021-07-28,Debit,Success
PAY30617,P13879,631,2024-05-01,Debit,Success
PAY30618,P12381,2672,2024-06-25,Bank Transfer,Failed
PAY30619,P14700,4827,2024-03-28,Debit,Success
PAY30620,P11737,1915,2024-08-23,Bank Transfer,Failed
PAY30621,P13067,884,2023-05-31,Credit,Success
PAY30622,P17724,1851,2022-06-29,Bank Transfer,Failed
PAY30623,P10073,779,2021-12-14,Credit,Success
PAY30624,P17882,4586,2023-02-12,Credit,Failed
PAY30625,P14498,2325,2022-10-08,Credit,Failed
PAY30626,P14046,4720,2024-08-15,Bank Transfer,Success
PAY30627,P10292,1112,2021-01-26,Bank Transfer,Failed
PAY30628,P15434,3768,2021-10-23,Credit,Failed
PAY30629,P17196,3348,2023-01-31,Bank Transfer,Failed
PAY30630,P13161,2520,2023-06-22,Bank Transfer,Success
PAY30631,P11402,613,2023-01-09,Debit,Failed
PAY30632,P14356,4759,2023-04-01,Bank Transfer,Failed
PAY30633,P15137,4843,2021-09-08,Credit,Failed
PAY30634,P12198,4171,2025-04-29,Debit,Success
PAY30635,P17683,1776,2021-12-18,Debit,Success
PAY30636,P15034,806,2024-05-18,Credit,Failed
PAY30637,P15464,1805,2021-09-24,Debit,Failed
PAY30638,P15683,2286,2021-08-20,Bank Transfer,Failed
PAY30639,P16678,1248,2024-11-18,Bank Transfer,Success
PAY30640,P10328,3339,2025-02-26,Bank Transfer,Success
PAY30641,P12583,3737,2022-09-27,Debit,Success
PAY30642,P16048,2351,2022-02-10,Debit,Failed
PAY30643,P15181,3569,2020-10-16,Bank Transfer,Failed
PAY30644,P15923,4851,2023-04-14,Debit,Success
PAY30645,P14824,4571,2021-01-15,Debit,Success
PAY30646,P16701,4244,2022-02-23,Credit,Failed
PAY30647,P10171,2473,2024-05-02,Debit,Success
PAY30648,P17903,4361,2023-05-25,Bank Transfer,Success
PAY30649,P11687,3885,2024-02-16,Debit,Failed
PAY30650,P12316,2740,2024-04-03,Debit,Success
PAY30651,P12993,924,2023-10-08,Bank Transfer,Failed
PAY30652,P15198,3475,2021-01-06,Bank Transfer,Success
PAY30653,P16844,3834,2025-06-04,Debit,Success
PAY30654,P12426,1867,2022-09-10,Credit,Success
PAY30655,P11803,375,2021-01-19,Debit,Failed
PAY30656,P10896,679,2024-07-23,Credit,Success
PAY30657,P13311,2739,2025-02-18,Credit,Success
PAY30658,P14490,2665,2024-08-25,Debit,Success
PAY30659,P14419,4884,2023-05-10,Credit,Failed
PAY30660,P13547,3775,2024-06-16,Debit,Failed
PAY30661,P14000,4363,2025-03-03,Bank Transfer,Failed
PAY30662,P17612,1383,2021-05-09,Credit,Failed
PAY30663,P15659,1689,2021-09-26,Bank Transfer,Success
PAY30664,P14021,965,2023-04-24,Debit,Success
PAY30665,P17793,3232,2021-02-19,Bank Transfer,Success
PAY30666,P14338,4836,2024-05-12,Bank Transfer,Failed
PAY30667,P16654,1394,2025-02-01,Debit,Success
PAY30668,P16799,1648,2020-11-20,Debit,Success
PAY30669,P12873,865,2023-02-19,Credit,Success
PAY30670,P15662,2515,2020-11-12,Credit,Success
PAY30671,P11363,2840,2021-03-05,Bank Transfer,Failed
PAY30672,P14542,3835,2024-09-08,Credit,Failed
PAY30673,P15042,3211,2024-09-07,Credit,Success
PAY30674,P16198,4369,2021-06-24,Credit,Success
PAY30675,P15567,1082,2023-12-26,Debit,Success
PAY30676,P15655,1619,2022-11-20,Debit,Failed
PAY30677,P15447,1715,2020-09-15,Credit,Failed
PAY30678,P15918,2661,2025-03-23,Bank Transfer,Failed
PAY30679,P11262,2738,2021-12-24,Debit,Success
PAY30680,P14859,2038,2024-11-06,Debit,Success
PAY30681,P17955,2807,2024-10-13,Debit,Failed
PAY30682,P16297,3116,2024-09-21,Credit,Failed
PAY30683,P16662,1829,2022-03-14,Bank Transfer,Success
PAY30684,P10997,1887,2022-09-21,Credit,Success
PAY30685,P11130,3556,2025-03-07,Bank Transfer,Success
PAY30686,P17409,1754,2021-10-29,Debit,Success
PAY30687,P10921,4213,2021-07-21,Bank Transfer,Failed
PAY30688,P11296,929,2022-04-21,Credit,Success
PAY30689,P14575,1997,2021-10-12,Debit,Success
PAY30690,P11430,1517,2023-09-06,Credit,Failed
PAY30691,P10378,2611,2022-01-20,Credit,Failed
PAY30692,P14593,889,2021-04-12,Bank Transfer,Success
PAY30693,P10388,4580,2024-04-29,Bank Transfer,Success
PAY30694,P10749,878,2020-10-02,Credit,Failed
PAY30695,P17470,585,2023-11-12,Debit,Success
PAY30696,P16652,3696,2023-05-27,Debit,Failed
PAY30697,P13812,1091,2021-08-12,Credit,Success
PAY30698,P17617,2443,2025-01-11,Credit,Failed
PAY30699,P13752,2641,2023-12-26,Bank Transfer,Success
PAY30700,P10860,2300,2023-05-09,Credit,Failed
PAY30701,P17933,2276,2021-05-15,Credit,Failed
PAY30702,P12170,4014,2020-11-24,Credit,Success
PAY30703,P13502,4437,2022-02-11,Bank Transfer,Failed
PAY30704,P13549,3253,2021-06-18,Bank Transfer,Success
PAY30705,P11693,4595,2021-05-06,Bank Transfer,Failed
PAY30706,P16658,1267,2023-10-10,Debit,Failed
PAY30707,P12579,1645,2021-11-10,Bank Transfer,Success
PAY30708,P12774,4110,2024-12-23,Credit,Success
PAY30709,P16809,1406,2022-01-08,Credit,Success
PAY30710,P15953,1974,2022-07-20,Credit,Failed
PAY30711,P17275,3933,2024-09-12,Credit,Failed
PAY30712,P13326,1144,2023-04-20,Bank Transfer,Success
PAY30713,P17569,836,2023-07-13,Debit,Failed
PAY30714,P17792,1568,2023-12-13,Bank Transfer,Failed
PAY30715,P13621,1639,2020-12-13,Credit,Success
PAY30716,P15798,1225,2023-12-16,Debit,Failed
PAY30717,P13186,2963,2025-03-16,Bank Transfer,Failed
PAY30718,P14409,2399,2023-08-15,Debit,Success
PAY30719,P14661,2443,2025-01-03,Bank Transfer,Failed
PAY30720,P17024,3827,2021-12-17,Credit,Failed
PAY30721,P13812,1769,2022-09-10,Debit,Success
PAY30722,P10039,483,2024-08-14,Debit,Success
PAY30723,P10495,4489,2025-01-05,Debit,Failed
PAY30724,P15820,1116,2022-01-10,Credit,Success
PAY30725,P12877,1861,2022-12-21,Bank Transfer,Failed
PAY30726,P17535,3722,2023-05-31,Debit,Failed
PAY30727,P17918,4604,2021-08-10,Debit,Failed
PAY30728,P17522,2735,2023-03-28,Bank Transfer,Failed
PAY30729,P16493,1452,2020-10-18,Credit,Failed
PAY30730,P11949,3998,2025-04-23,Bank Transfer,Failed
PAY30731,P14382,333,2020-08-11,Debit,Failed
PAY30732,P13043,537,2021-12-21,Debit,Success
PAY30733,P13374,1732,2024-10-28,Bank Transfer,Success
PAY30734,P11832,2697,2023-09-12,Bank Transfer,Failed
PAY30735,P14606,4852,2022-06-12,Credit,Failed
PAY30736,P17675,3403,2024-02-27,Credit,Success
PAY30737,P16177,4306,2022-06-02,Bank Transfer,Failed
PAY30738,P16360,2043,2023-09-09,Debit,Failed
PAY30739,P17196,355,2020-09-01,Debit,Failed
PAY30740,P17614,683,2024-12-22,Debit,Failed
PAY30741,P15190,4181,2024-02-27,Debit,Success
PAY30742,P16765,1212,2024-12-15,Debit,Success
PAY30743,P10166,1725,2022-06-28,Bank Transfer,Failed
PAY30744,P17819,3539,2020-10-24,Credit,Failed
PAY30745,P12108,3915,2024-05-06,Credit,Success
PAY30746,P16982,563,2023-05-24,Bank Transfer,Success
PAY30747,P15264,655,2024-05-11,Debit,Failed
PAY30748,P13522,3442,2024-01-15,Credit,Success
PAY30749,P13373,4904,2024-05-27,Bank Transfer,Success
PAY30750,P13215,1628,2020-07-31,Credit,Failed
PAY30751,P16426,1624,2021-03-15,Debit,Failed
PAY30752,P14636,4597,2021-03-05,Credit,Failed
PAY30753,P17256,2044,2023-09-18,Debit,Success
PAY30754,P15874,3432,2023-10-24,Bank Transfer,Failed
PAY30755,P11374,3337,2023-04-18,Bank Transfer,Failed
PAY30756,P14615,864,2020-12-06,Credit,Success
PAY30757,P13546,3463,2024-11-24,Credit,Success
PAY30758,P11889,2976,2022-09-27,Credit,Success
PAY30759,P11125,1251,2024-12-08,Debit,Success
PAY30760,P12347,395,2021-05-13,Credit,Failed
PAY30761,P10816,2608,2020-12-19,Debit,Failed
PAY30762,P14034,2530,2020-07-24,Credit,Failed
PAY30763,P17364,1113,2020-12-19,Bank Transfer,Failed
PAY30764,P13195,4862,2024-07-30,Debit,Failed
PAY30765,P16204,3271,2020-10-15,Credit,Success
PAY30766,P16356,333,2021-09-16,Bank Transfer,Failed
PAY30767,P16877,2311,2023-11-16,Debit,Failed
PAY30768,P12204,2421,2021-04-29,Credit,Success
PAY30769,P10732,1104,2025-03-02,Bank Transfer,Success
PAY30770,P16644,4727,2023-08-24,Debit,Failed
PAY30771,P13997,4230,2024-06-09,Bank Transfer,Success
PAY30772,P15667,3891,2021-05-03,Credit,Success
PAY30773,P17440,3297,2023-01-30,Bank Transfer,Success
PAY30774,P12411,1772,2023-10-07,Bank Transfer,Failed
PAY30775,P15286,4185,2021-03-29,Debit,Failed
PAY30776,P11498,1599,2024-08-18,Credit,Success
PAY30777,P10038,795,2023-04-23,Debit,Success
PAY30778,P15562,2226,2022-06-20,Debit,Failed
PAY30779,P17535,3440,2020-08-19,Bank Transfer,Failed
PAY30780,P13355,1741,2022-03-16,Bank Transfer,Success
PAY30781,P16993,4581,2020-12-12,Credit,Failed
PAY30782,P15959,1960,2025-04-30,Credit,Success
PAY30783,P14044,2927,2021-01-10,Debit,Success
PAY30784,P17328,2515,2021-08-30,Bank Transfer,Success
PAY30785,P13120,4643,2022-09-26,Bank Transfer,Success
PAY30786,P13829,4403,2024-02-15,Credit,Success
PAY30787,P12883,4298,2021-12-08,Debit,Failed
PAY30788,P10638,3882,2023-06-05,Debit,Success
PAY30789,P10419,4452,2025-01-17,Debit,Success
PAY30790,P12374,2530,2022-11-15,Debit,Success
PAY30791,P15632,1990,2021-03-23,Bank Transfer,Success
PAY30792,P13386,1984,2021-08-14,Credit,Success
PAY30793,P16676,311,2024-07-09,Debit,Success
PAY30794,P12631,1000,2023-03-07,Credit,Failed
PAY30795,P12419,1776,2023-10-30,Debit,Success
PAY30796,P12808,4780,2022-07-06,Credit,Success
PAY30797,P17759,3560,2021-03-23,Debit,Failed
PAY30798,P12887,677,2023-05-28,Bank Transfer,Success
PAY30799,P10870,1767,2025-03-19,Bank Transfer,Failed
PAY30800,P14597,2689,2024-06-20,Credit,Failed
PAY30801,P13586,2166,2022-07-24,Debit,Failed
PAY30802,P12128,4201,2022-09-07,Credit,Success
PAY30803,P12772,4334,2024-08-04,Credit,Failed
PAY30804,P14460,2313,2022-12-30,Bank Transfer,Success
PAY30805,P11928,2548,2024-08-09,Debit,Failed
PAY30806,P12623,2412,2021-01-17,Credit,Failed
PAY30807,P10970,619,2020-08-19,Debit,Failed
PAY30808,P16068,666,2023-05-19,Debit,Failed
PAY30809,P11586,3719,2021-10-30,Bank Transfer,Success
PAY30810,P15473,932,2025-03-22,Debit,Success
PAY30811,P14304,3312,2023-10-21,Debit,Success
PAY30812,P12276,2618,2023-04-22,Debit,Failed
PAY30813,P17156,371,2024-04-15,Credit,Success
PAY30814,P15220,2492,2025-04-30,Debit,Failed
PAY30815,P15592,1364,2023-12-05,Debit,Failed
PAY30816,P13522,2038,2023-03-11,Debit,Failed
PAY30817,P15638,2157,2024-04-12,Debit,Failed
PAY30818,P15457,4373,2023-06-05,Debit,Failed
PAY30819,P12244,1932,2021-12-08,Debit,Failed
PAY30820,P16445,2270,2023-07-20,Debit,Success
PAY30821,P10567,1465,2024-10-18,Credit,Success
PAY30822,P10737,4132,2025-03-07,Debit,Failed
PAY30823,P11742,1089,2022-01-06,Bank Transfer,Failed
PAY30824,P14883,4088,2023-03-04,Debit,Success
PAY30825,P12955,738,2020-09-26,Bank Transfer,Failed
PAY30826,P12765,4433,2023-11-29,Debit,Success
PAY30827,P12804,355,2023-10-02,Debit,Failed
PAY30828,P15913,3153,2022-10-17,Credit,Failed
PAY30829,P10635,631,2024-06-21,Debit,Success
PAY30830,P16855,1329,2024-08-26,Debit,Failed
PAY30831,P10243,2959,2025-02-12,Bank Transfer,Success
PAY30832,P17136,2722,2021-07-24,Debit,Failed
PAY30833,P15120,4193,2023-09-12,Debit,Success
PAY30834,P13381,1894,2022-02-07,Credit,Failed
PAY30835,P11885,498,2025-06-03,Credit,Success
PAY30836,P17678,1169,2025-01-21,Bank Transfer,Success
PAY30837,P14090,1196,2020-09-27,Credit,Failed
PAY30838,P13799,2988,2020-10-17,Credit,Success
PAY30839,P17403,396,2023-10-04,Credit,Success
PAY30840,P17288,2044,2022-12-01,Debit,Failed
PAY30841,P16349,2295,2025-05-29,Debit,Success
PAY30842,P15876,572,2020-07-02,Bank Transfer,Success
PAY30843,P15158,2558,2022-09-18,Credit,Failed
PAY30844,P10202,2239,2024-10-20,Bank Transfer,Failed
PAY30845,P14424,2920,2024-12-24,Debit,Success
PAY30846,P14322,3090,2021-10-16,Bank Transfer,Success
PAY30847,P17980,3041,2022-05-15,Credit,Failed
PAY30848,P10447,3898,2024-01-21,Debit,Failed
PAY30849,P13679,2616,2021-04-15,Bank Transfer,Failed
PAY30850,P11226,4909,2022-01-25,Credit,Success
PAY30851,P10010,1004,2021-05-31,Bank Transfer,Failed
PAY30852,P12961,4866,2023-01-22,Credit,Failed
PAY30853,P16956,2082,2023-11-17,Credit,Failed
PAY30854,P15764,2271,2025-03-18,Debit,Success
PAY30855,P17697,4611,2024-04-03,Bank Transfer,Failed
PAY30856,P16328,4067,2021-12-03,Credit,Success
PAY30857,P14726,4617,2024-07-09,Debit,Success
PAY30858,P15105,4224,2021-07-02,Credit,Success
PAY30859,P11003,4295,2023-12-24,Credit,Success
PAY30860,P11904,1623,2024-04-06,Credit,Success
PAY30861,P14968,4606,2024-03-17,Credit,Success
PAY30862,P11545,2223,2025-03-31,Debit,Failed
PAY30863,P16948,3030,2022-02-05,Bank Transfer,Failed
PAY30864,P10254,3725,2025-03-31,Debit,Failed
PAY30865,P17535,2147,2024-01-31,Bank Transfer,Failed
PAY30866,P13635,4168,2020-12-30,Bank Transfer,Success
PAY30867,P17719,3305,2021-11-20,Credit,Success
PAY30868,P17711,4866,2022-07-04,Debit,Failed
PAY30869,P16658,4174,2022-06-17,Bank Transfer,Failed
PAY30870,P17019,1441,2022-12-23,Credit,Failed
PAY30871,P12213,1585,2023-12-31,Credit,Failed
PAY30872,P13834,2414,2020-09-21,Credit,Failed
PAY30873,P12998,4256,2020-12-26,Debit,Failed
PAY30874,P15988,1888,2024-03-16,Credit,Failed
PAY30875,P10437,2593,2021-01-01,Credit,Failed
PAY30876,P15634,2818,2022-06-10,Bank Transfer,Success
PAY30877,P17990,709,2020-07-03,Debit,Success
PAY30878,P10548,2597,2022-01-16,Debit,Failed
PAY30879,P14342,809,2024-10-23,Debit,Failed
PAY30880,P16811,636,2022-05-08,Debit,Failed
PAY30881,P16033,2973,2020-11-21,Bank Transfer,Success
PAY30882,P12628,3824,2021-04-23,Bank Transfer,Success
PAY30883,P16884,4103,2022-05-12,Bank Transfer,Failed
PAY30884,P12623,1373,2025-01-28,Bank Transfer,Failed
PAY30885,P14852,3384,2022-07-18,Debit,Success
PAY30886,P16655,2006,2025-04-22,Bank Transfer,Failed
PAY30887,P13231,3554,2021-01-29,Debit,Success
PAY30888,P13450,4988,2022-07-14,Credit,Failed
PAY30889,P15794,2938,2024-12-30,Debit,Success
PAY30890,P11090,4547,2022-03-28,Credit,Success
PAY30891,P11902,4272,2025-05-01,Bank Transfer,Success
PAY30892,P17336,1671,2023-03-01,Bank Transfer,Failed
PAY30893,P14335,3152,2021-12-12,Debit,Success
PAY30894,P15630,1026,2020-12-22,Debit,Failed
PAY30895,P16012,379,2023-08-28,Credit,Success
PAY30896,P11833,2245,2023-08-27,Credit,Failed
PAY30897,P16900,2480,2023-07-26,Bank Transfer,Success
PAY30898,P17957,2615,2020-08-27,Bank Transfer,Failed
PAY30899,P15579,696,2021-05-17,Debit,Failed
PAY30900,P16046,4045,2022-08-17,Credit,Success
PAY30901,P13983,1641,2024-07-31,Credit,Failed
PAY30902,P14832,3278,2022-01-05,Credit,Failed
PAY30903,P11789,4224,2021-07-26,Credit,Success
PAY30904,P11686,4217,2021-08-24,Credit,Failed
PAY30905,P17502,1330,2022-09-01,Credit,Success
PAY30906,P17838,3205,2021-09-22,Credit,Success
PAY30907,P10288,1266,2024-01-12,Debit,Success
PAY30908,P17516,2337,2021-07-01,Credit,Success
PAY30909,P15177,3092,2021-09-28,Bank Transfer,Failed
PAY30910,P14905,3627,2023-04-19,Debit,Failed
PAY30911,P17749,2644,2023-09-15,Credit,Success
PAY30912,P13251,1433,2021-02-20,Bank Transfer,Success
PAY30913,P15064,4466,2023-05-10,Credit,Failed
PAY30914,P13903,2426,2020-11-02,Debit,Success
PAY30915,P16695,620,2024-12-12,Debit,Failed
PAY30916,P15850,880,2022-07-30,Debit,Failed
PAY30917,P10038,4456,2022-05-17,Bank Transfer,Failed
PAY30918,P15706,953,2023-07-19,Credit,Success
PAY30919,P14485,2310,2025-03-26,Bank Transfer,Failed
PAY30920,P16503,4111,2024-05-30,Credit,Failed
PAY30921,P14766,585,2021-03-31,Debit,Success
PAY30922,P16680,3729,2024-06-26,Bank Transfer,Success
PAY30923,P16157,2797,2025-05-18,Bank Transfer,Success
PAY30924,P12375,463,2023-10-08,Credit,Failed
PAY30925,P15486,1153,2022-01-25,Bank Transfer,Failed
PAY30926,P11118,4986,2022-04-11,Debit,Failed
PAY30927,P14334,3793,2022-12-15,Bank Transfer,Failed
PAY30928,P17700,1857,2021-03-09,Debit,Success
PAY30929,P12534,1574,2023-12-15,Debit,Failed
PAY30930,P15834,4670,2020-11-30,Bank Transfer,Success
PAY30931,P16516,1808,2020-08-01,Debit,Success
PAY30932,P11049,1193,2021-10-22,Credit,Success
PAY30933,P16707,4876,2022-01-27,Bank Transfer,Failed
PAY30934,P13308,2906,2024-12-01,Bank Transfer,Failed
PAY30935,P17467,4711,2022-04-24,Debit,Success
PAY30936,P15008,1774,2021-08-18,Debit,Failed
PAY30937,P14750,1208,2021-11-26,Bank Transfer,Success
PAY30938,P11395,1361,2023-06-11,Bank Transfer,Success
PAY30939,P16570,766,2023-09-01,Bank Transfer,Success
PAY30940,P15386,1005,2023-05-07,Credit,Success
PAY30941,P17913,4168,2021-05-26,Bank Transfer,Failed
PAY30942,P17884,4261,2023-01-02,Bank Transfer,Failed
PAY30943,P16195,1805,2024-11-02,Bank Transfer,Success
PAY30944,P14143,4556,2020-09-29,Bank Transfer,Failed
PAY30945,P16263,3212,2022-08-11,Bank Transfer,Success
PAY30946,P14927,2302,2021-04-11,Bank Transfer,Failed
PAY30947,P13435,4959,2022-11-03,Debit,Failed
PAY30948,P15269,3577,2025-04-16,Credit,Success
PAY30949,P16616,384,2024-11-19,Bank Transfer,Success
PAY30950,P10697,647,2021-03-05,Credit,Failed
PAY30951,P12713,4789,2024-10-29,Debit,Success
PAY30952,P15265,1125,2021-04-20,Debit,Success
PAY30953,P11428,2593,2025-01-18,Bank Transfer,Success
PAY30954,P15875,4299,2022-10-16,Debit,Failed
PAY30955,P12727,3371,2021-10-13,Debit,Success
PAY30956,P15733,464,2023-04-15,Debit,Failed
PAY30957,P15531,905,2022-10-03,Bank Transfer,Success
PAY30958,P13293,976,2022-08-09,Bank Transfer,Success
PAY30959,P17179,1387,2023-10-04,Bank Transfer,Failed
PAY30960,P16139,3371,2021-08-18,Debit,Failed
PAY30961,P15156,2072,2024-07-25,Credit,Success
PAY30962,P11171,499,2020-10-06,Debit,Success
PAY30963,P11385,3794,2024-03-24,Credit,Success
PAY30964,P10692,387,2022-12-10,Bank Transfer,Success
PAY30965,P11944,4869,2022-04-20,Debit,Failed
PAY30966,P12202,2644,2023-11-06,Debit,Success
PAY30967,P11456,496,2024-10-04,Debit,Failed
PAY30968,P15870,1800,2020-07-12,Bank Transfer,Success
PAY30969,P11220,1936,2020-12-12,Credit,Success
PAY30970,P10604,2400,2022-02-07,Credit,Success
PAY30971,P17341,4972,2023-12-19,Bank Transfer,Failed
PAY30972,P15069,308,2024-10-17,Debit,Success
PAY30973,P16495,4439,2021-01-26,Debit,Failed
PAY30974,P13257,4296,2021-11-19,Credit,Failed
PAY30975,P15830,4211,2022-06-11,Credit,Failed
PAY30976,P15501,4654,2022-04-10,Credit,Failed
PAY30977,P15468,1267,2023-10-31,Bank Transfer,Success
PAY30978,P13629,841,2024-11-08,Bank Transfer,Success
PAY30979,P13921,861,2020-08-31,Credit,Failed
PAY30980,P10869,4108,2022-03-21,Credit,Success
PAY30981,P10784,4627,2024-05-08,Debit,Success
PAY30982,P13762,3415,2023-11-29,Credit,Failed
PAY30983,P15380,3650,2022-10-10,Debit,Failed
PAY30984,P13447,3560,2022-08-30,Debit,Success
PAY30985,P14284,4517,2021-09-17,Bank Transfer,Failed
PAY30986,P11395,443,2023-12-16,Debit,Failed
PAY30987,P12445,2059,2022-01-03,Bank Transfer,Success
PAY30988,P11757,886,2023-06-26,Bank Transfer,Failed
PAY30989,P11908,3306,2024-11-14,Debit,Failed
PAY30990,P10394,1083,2024-12-22,Debit,Success
PAY30991,P13280,4387,2023-12-21,Credit,Failed
PAY30992,P17491,3896,2024-07-18,Debit,Failed
PAY30993,P17730,1036,2020-12-02,Bank Transfer,Success
PAY30994,P14607,2497,2024-10-07,Debit,Success
PAY30995,P12170,2566,2020-12-20,Credit,Failed
PAY30996,P11455,2909,2021-03-23,Bank Transfer,Failed
PAY30997,P16113,4781,2020-06-21,Bank Transfer,Failed
PAY30998,P12645,2297,2020-12-22,Credit,Failed
PAY30999,P13570,2062,2021-11-22,Debit,Success
PAY31000,P12320,3891,2021-01-18,Debit,Failed
PAY31001,P11150,617,2021-07-03,Credit,Failed
PAY31002,P11267,3841,2023-05-04,Bank Transfer,Success
PAY31003,P11435,3824,2022-02-04,Credit,Failed
PAY31004,P17786,3184,2024-11-04,Credit,Success
PAY31005,P11506,4694,2022-04-20,Bank Transfer,Failed
PAY31006,P12702,788,2022-12-20,Credit,Success
PAY31007,P17183,2357,2023-07-05,Credit,Success
PAY31008,P15706,2411,2023-01-10,Debit,Failed
PAY31009,P14878,4808,2021-08-14,Bank Transfer,Success
PAY31010,P16175,3184,2024-07-10,Credit,Success
PAY31011,P17245,2738,2022-03-18,Credit,Success
PAY31012,P11602,3748,2023-06-23,Bank Transfer,Success
PAY31013,P13072,1082,2024-07-25,Bank Transfer,Success
PAY31014,P14337,2402,2022-11-12,Bank Transfer,Success
PAY31015,P16565,1569,2024-11-07,Bank Transfer,Failed
PAY31016,P14151,1221,2025-03-17,Debit,Success
PAY31017,P15191,4606,2025-04-21,Bank Transfer,Failed
PAY31018,P17177,1895,2020-10-20,Credit,Failed
PAY31019,P11555,3961,2022-02-20,Bank Transfer,Failed
PAY31020,P15772,4480,2024-12-31,Bank Transfer,Success
PAY31021,P15472,629,2025-01-07,Credit,Success
PAY31022,P16056,1645,2025-03-23,Credit,Failed
PAY31023,P13934,2782,2023-11-13,Bank Transfer,Success
PAY31024,P13605,3739,2021-04-25,Credit,Failed
PAY31025,P10112,2167,2023-01-25,Debit,Failed
PAY31026,P11408,4472,2023-05-02,Credit,Success
PAY31027,P15200,1570,2022-05-26,Credit,Failed
PAY31028,P16231,704,2021-04-20,Debit,Failed
PAY31029,P16314,2728,2022-10-21,Bank Transfer,Failed
PAY31030,P11898,861,2020-10-09,Bank Transfer,Success
PAY31031,P10731,3666,2021-08-29,Bank Transfer,Success
PAY31032,P12573,1051,2025-03-14,Bank Transfer,Success
PAY31033,P12248,2981,2022-06-29,Debit,Success
PAY31034,P10818,1828,2025-05-12,Debit,Success
PAY31035,P16718,4466,2023-12-11,Credit,Success
PAY31036,P16875,2822,2023-03-02,Debit,Failed
PAY31037,P17354,2311,2023-10-04,Credit,Success
PAY31038,P15970,1887,2020-10-20,Debit,Success
PAY31039,P14488,2979,2021-05-05,Credit,Success
PAY31040,P15669,1994,2025-02-14,Debit,Success
PAY31041,P16663,2212,2021-10-01,Credit,Success
PAY31042,P17261,1959,2022-11-29,Credit,Failed
PAY31043,P15086,1234,2020-10-10,Bank Transfer,Failed
PAY31044,P13470,786,2021-01-14,Credit,Success
PAY31045,P14366,3823,2020-09-15,Bank Transfer,Success
PAY31046,P12583,2392,2022-07-12,Debit,Failed
PAY31047,P15169,4134,2025-04-03,Bank Transfer,Success
PAY31048,P13538,1423,2021-06-13,Bank Transfer,Success
PAY31049,P17975,2522,2024-07-19,Credit,Success
PAY31050,P13915,4708,2022-10-04,Debit,Failed
PAY31051,P14445,3140,2023-08-20,Credit,Success
PAY31052,P17979,2852,2024-08-11,Bank Transfer,Failed
PAY31053,P12493,1624,2021-06-23,Bank Transfer,Failed
PAY31054,P10719,3599,2020-10-28,Debit,Failed
PAY31055,P10010,2134,2021-03-04,Debit,Failed
PAY31056,P15437,2571,2023-09-30,Credit,Failed
PAY31057,P15786,3999,2021-11-27,Credit,Success
PAY31058,P13139,4704,2024-02-03,Credit,Success
PAY31059,P17239,1508,2023-08-20,Credit,Success
PAY31060,P12839,1393,2022-07-17,Debit,Failed
PAY31061,P14048,2046,2022-01-09,Credit,Success
PAY31062,P10431,579,2022-04-16,Credit,Failed
PAY31063,P17820,3774,2020-09-09,Credit,Failed
PAY31064,P16258,3417,2023-09-04,Credit,Failed
PAY31065,P17502,2328,2022-10-12,Bank Transfer,Success
PAY31066,P13843,864,2020-09-07,Bank Transfer,Failed
PAY31067,P17647,1543,2022-04-19,Debit,Success
PAY31068,P10486,2686,2021-12-09,Debit,Success
PAY31069,P17921,1202,2025-05-10,Credit,Success
PAY31070,P11615,662,2020-09-28,Credit,Success
PAY31071,P13978,2017,2022-06-13,Debit,Failed
PAY31072,P11507,4638,2025-03-16,Credit,Success
PAY31073,P15645,3578,2024-10-20,Bank Transfer,Success
PAY31074,P11784,4637,2024-06-10,Debit,Failed
PAY31075,P11601,2329,2023-05-02,Bank Transfer,Success
PAY31076,P15527,1024,2020-12-28,Debit,Failed
PAY31077,P17459,357,2023-07-07,Bank Transfer,Failed
PAY31078,P11045,4634,2024-08-12,Bank Transfer,Success
PAY31079,P16875,2939,2024-08-15,Bank Transfer,Success
PAY31080,P12855,4145,2022-09-11,Debit,Success
PAY31081,P12446,1223,2024-01-01,Bank Transfer,Success
PAY31082,P17648,953,2025-02-05,Bank Transfer,Failed
PAY31083,P16563,4019,2025-06-06,Debit,Success
PAY31084,P11947,2625,2024-03-20,Credit,Failed
PAY31085,P13270,3281,2023-12-09,Credit,Success
PAY31086,P17485,820,2022-09-17,Credit,Success
PAY31087,P12400,3737,2024-12-15,Bank Transfer,Success
PAY31088,P13983,3795,2025-04-03,Debit,Success
PAY31089,P17839,4130,2025-06-01,Credit,Success
PAY31090,P10419,3386,2021-07-26,Bank Transfer,Failed
PAY31091,P14572,2521,2023-01-31,Credit,Failed
PAY31092,P15477,867,2023-08-18,Credit,Failed
PAY31093,P15676,2964,2022-03-24,Debit,Failed
PAY31094,P14898,3790,2025-06-05,Bank Transfer,Failed
PAY31095,P11866,3804,2025-03-05,Bank Transfer,Failed
PAY31096,P11020,3972,2022-04-15,Debit,Failed
PAY31097,P10490,2987,2022-09-27,Debit,Failed
PAY31098,P10329,2568,2023-04-30,Debit,Success
PAY31099,P17764,2843,2024-03-19,Bank Transfer,Failed
PAY31100,P15989,4972,2021-04-14,Credit,Success
PAY31101,P13193,1153,2023-07-25,Debit,Failed
PAY31102,P11520,543,2024-12-18,Debit,Success
PAY31103,P15188,1063,2021-07-24,Credit,Failed
PAY31104,P14162,1150,2020-08-31,Credit,Success
PAY31105,P13283,2419,2021-11-07,Bank Transfer,Failed
PAY31106,P17473,2633,2021-01-17,Credit,Failed
PAY31107,P15583,1884,2024-04-09,Debit,Success
PAY31108,P17153,4690,2024-07-22,Debit,Failed
PAY31109,P13069,985,2025-02-13,Bank Transfer,Failed
PAY31110,P10187,403,2023-07-13,Credit,Failed
PAY31111,P17854,4130,2025-01-10,Bank Transfer,Failed
PAY31112,P15542,3624,2022-02-10,Bank Transfer,Success
PAY31113,P15257,1155,2022-08-23,Credit,Failed
PAY31114,P13900,3544,2020-07-05,Credit,Failed
PAY31115,P14325,4323,2021-12-04,Credit,Success
PAY31116,P14567,660,2025-05-11,Debit,Failed
PAY31117,P14050,1642,2021-06-24,Bank Transfer,Failed
PAY31118,P11816,3933,2020-12-26,Bank Transfer,Success
PAY31119,P15396,1681,2022-11-30,Debit,Success
PAY31120,P11441,2865,2025-02-24,Bank Transfer,Failed
PAY31121,P12112,876,2024-12-26,Bank Transfer,Failed
PAY31122,P11401,444,2025-01-30,Debit,Success
PAY31123,P15266,911,2024-06-08,Bank Transfer,Success
PAY31124,P14652,567,2024-04-28,Credit,Success
PAY31125,P10561,2344,2024-05-19,Credit,Failed
PAY31126,P17929,3009,2025-02-18,Debit,Failed
PAY31127,P12424,690,2025-02-02,Bank Transfer,Failed
PAY31128,P14821,4537,2022-06-23,Credit,Failed
PAY31129,P10111,4197,2021-07-19,Credit,Success
PAY31130,P11168,1787,2020-08-31,Bank Transfer,Failed
PAY31131,P11649,4105,2022-06-15,Bank Transfer,Success
PAY31132,P17074,3418,2023-02-20,Bank Transfer,Success
PAY31133,P16323,1122,2024-11-23,Credit,Failed
PAY31134,P11695,2226,2025-04-08,Bank Transfer,Failed
PAY31135,P10697,4599,2021-01-05,Credit,Failed
PAY31136,P11257,3033,2024-11-30,Credit,Failed
PAY31137,P13237,2195,2024-01-04,Bank Transfer,Failed
PAY31138,P17464,3602,2022-06-22,Credit,Failed
PAY31139,P13089,2522,2023-01-29,Debit,Failed
PAY31140,P10939,1094,2024-11-06,Debit,Failed
PAY31141,P14587,1711,2023-07-23,Credit,Failed
PAY31142,P10299,933,2021-12-08,Debit,Success
PAY31143,P13807,2109,2021-10-06,Debit,Failed
PAY31144,P10857,1748,2021-08-30,Debit,Success
PAY31145,P13635,2842,2022-06-08,Bank Transfer,Success
PAY31146,P13315,751,2020-06-22,Credit,Success
PAY31147,P17985,460,2024-06-12,Debit,Failed
PAY31148,P14490,3654,2022-11-07,Credit,Failed
PAY31149,P11380,4600,2023-04-28,Credit,Success
PAY31150,P12837,1619,2022-06-28,Debit,Failed
PAY31151,P11809,2464,2025-04-03,Debit,Success
PAY31152,P17638,3313,2024-11-03,Debit,Failed
PAY31153,P13762,4647,2021-06-09,Credit,Success
PAY31154,P15117,4035,2024-03-28,Credit,Success
PAY31155,P12306,2599,2025-01-19,Credit,Failed
PAY31156,P11827,3506,2021-01-29,Bank Transfer,Failed
PAY31157,P14033,2457,2024-02-29,Debit,Failed
PAY31158,P17770,4356,2020-11-18,Debit,Failed
PAY31159,P14200,516,2024-05-25,Bank Transfer,Success
PAY31160,P12311,3717,2023-08-16,Credit,Failed
PAY31161,P10189,4946,2025-06-07,Credit,Failed
PAY31162,P16859,2627,2020-08-11,Debit,Failed
PAY31163,P10157,2151,2025-01-22,Bank Transfer,Failed
PAY31164,P10396,2970,2021-12-11,Debit,Success
PAY31165,P13694,1137,2021-11-28,Debit,Success
PAY31166,P13697,1260,2024-01-08,Bank Transfer,Success
PAY31167,P11701,3790,2021-09-16,Bank Transfer,Failed
PAY31168,P11464,2935,2024-10-22,Debit,Failed
PAY31169,P10601,1710,2020-12-12,Debit,Success
PAY31170,P13597,2129,2021-02-05,Bank Transfer,Success
PAY31171,P11365,4528,2023-12-21,Debit,Failed
PAY31172,P16481,4504,2022-05-06,Debit,Failed
PAY31173,P12879,2634,2024-05-15,Debit,Success
PAY31174,P12955,4952,2025-02-24,Debit,Failed
PAY31175,P10172,2977,2021-05-26,Credit,Success
PAY31176,P10340,4707,2022-11-26,Credit,Success
PAY31177,P14361,1714,2025-02-27,Credit,Success
PAY31178,P11860,2729,2021-05-27,Bank Transfer,Failed
PAY31179,P12032,2361,2023-12-25,Debit,Success
PAY31180,P11340,3766,2020-12-25,Bank Transfer,Failed
PAY31181,P11214,711,2020-08-07,Debit,Failed
PAY31182,P17725,422,2020-11-24,Debit,Success
PAY31183,P11206,4458,2020-07-20,Credit,Success
PAY31184,P15743,2971,2022-09-22,Credit,Success
PAY31185,P12989,1195,2021-04-04,Bank Transfer,Success
PAY31186,P11003,2801,2024-06-21,Debit,Failed
PAY31187,P17202,1022,2024-05-19,Bank Transfer,Failed
PAY31188,P11429,515,2021-12-09,Debit,Success
PAY31189,P12319,920,2020-11-06,Debit,Success
PAY31190,P17792,1571,2024-04-21,Debit,Failed
PAY31191,P12538,767,2021-01-29,Debit,Success
PAY31192,P12750,653,2023-05-31,Bank Transfer,Success
PAY31193,P16805,2492,2024-08-06,Debit,Failed
PAY31194,P15871,1469,2023-09-09,Credit,Failed
PAY31195,P16000,2965,2024-07-29,Bank Transfer,Success
PAY31196,P15448,3467,2022-04-01,Bank Transfer,Success
PAY31197,P11681,3633,2020-09-30,Credit,Success
PAY31198,P13301,4003,2020-11-27,Credit,Failed
PAY31199,P17424,401,2023-06-30,Credit,Failed
PAY31200,P14556,2111,2025-03-18,Credit,Failed
PAY31201,P10431,3683,2025-01-08,Bank Transfer,Failed
PAY31202,P10542,3592,2021-09-22,Credit,Failed
PAY31203,P10965,3000,2023-01-18,Bank Transfer,Success
PAY31204,P15291,3433,2021-09-24,Debit,Failed
PAY31205,P17578,3151,2022-01-25,Debit,Failed
PAY31206,P17747,2317,2022-12-15,Credit,Success
PAY31207,P10898,3243,2020-10-01,Credit,Success
PAY31208,P12466,3777,2022-07-14,Debit,Success
PAY31209,P17421,4278,2022-04-07,Debit,Failed
PAY31210,P15108,3570,2023-10-27,Credit,Success
PAY31211,P12358,3322,2020-09-05,Credit,Success
PAY31212,P13941,1844,2022-01-04,Debit,Success
PAY31213,P10884,2795,2024-03-13,Credit,Success
PAY31214,P12771,1327,2022-06-02,Debit,Failed
PAY31215,P14561,3238,2025-01-30,Debit,Success
PAY31216,P15730,665,2022-05-06,Credit,Failed
PAY31217,P14775,1569,2024-02-16,Credit,Success
PAY31218,P17896,2521,2021-11-01,Credit,Failed
PAY31219,P16819,3824,2020-10-07,Debit,Failed
PAY31220,P12123,2068,2024-08-24,Bank Transfer,Failed
PAY31221,P16191,3396,2022-09-13,Bank Transfer,Success
PAY31222,P10107,2210,2022-01-29,Bank Transfer,Success
PAY31223,P12745,1418,2023-11-17,Bank Transfer,Success
PAY31224,P15684,2618,2024-10-31,Credit,Success
PAY31225,P15700,591,2021-05-14,Debit,Success
PAY31226,P10180,3222,2022-03-10,Bank Transfer,Success
PAY31227,P10041,4044,2024-07-28,Bank Transfer,Failed
PAY31228,P17952,3058,2025-01-13,Bank Transfer,Failed
PAY31229,P16627,2391,2022-10-14,Debit,Failed
PAY31230,P11572,617,2021-05-10,Bank Transfer,Success
PAY31231,P11349,3271,2021-05-28,Bank Transfer,Success
PAY31232,P15740,4172,2023-01-22,Credit,Success
PAY31233,P17688,3053,2020-06-19,Bank Transfer,Success
PAY31234,P14413,2428,2025-04-08,Bank Transfer,Failed
PAY31235,P16561,2362,2024-02-13,Debit,Failed
PAY31236,P11537,4454,2024-02-03,Debit,Success
PAY31237,P11977,3597,2022-11-03,Credit,Failed
PAY31238,P15319,2429,2020-06-29,Credit,Success
PAY31239,P10957,2416,2022-06-10,Debit,Failed
PAY31240,P15374,1283,2021-11-22,Credit,Failed
PAY31241,P10584,3301,2023-06-22,Credit,Failed
PAY31242,P13266,4753,2021-03-10,Debit,Failed
PAY31243,P14479,577,2020-09-11,Credit,Failed
PAY31244,P17287,533,2021-07-21,Bank Transfer,Success
PAY31245,P12600,1575,2024-01-06,Debit,Success
PAY31246,P13436,2468,2024-12-27,Credit,Failed
PAY31247,P16269,2031,2025-05-01,Bank Transfer,Success
PAY31248,P14746,4514,2021-05-22,Bank Transfer,Failed
PAY31249,P13474,4788,2024-08-25,Debit,Success
PAY31250,P12207,4026,2021-09-20,Credit,Success
PAY31251,P17096,2026,2021-03-02,Bank Transfer,Failed
PAY31252,P13230,2072,2024-05-01,Bank Transfer,Failed
PAY31253,P15236,3989,2021-10-08,Debit,Failed
PAY31254,P13077,1325,2024-08-25,Bank Transfer,Failed
PAY31255,P15046,816,2024-06-15,Credit,Failed
PAY31256,P17430,3836,2023-05-25,Credit,Failed
PAY31257,P14159,3095,2023-02-16,Credit,Failed
PAY31258,P10868,3935,2023-01-25,Credit,Failed
PAY31259,P13309,1377,2020-11-22,Credit,Failed
PAY31260,P13848,1031,2021-02-13,Bank Transfer,Success
PAY31261,P16343,1526,2025-03-19,Debit,Success
PAY31262,P12179,3538,2024-03-27,Credit,Failed
PAY31263,P11369,1245,2021-06-03,Debit,Success
PAY31264,P16725,4990,2021-07-02,Bank Transfer,Success
PAY31265,P16848,3795,2025-04-07,Bank Transfer,Failed
PAY31266,P17880,4289,2023-11-18,Bank Transfer,Failed
PAY31267,P12784,4538,2024-01-24,Bank Transfer,Success
PAY31268,P14744,1118,2025-02-28,Bank Transfer,Failed
PAY31269,P17583,3346,2024-02-24,Credit,Failed
PAY31270,P12774,4794,2020-11-23,Bank Transfer,Failed
PAY31271,P10866,2700,2021-10-08,Bank Transfer,Failed
PAY31272,P17745,2025,2023-06-27,Credit,Failed
PAY31273,P11210,3432,2025-03-19,Debit,Success
PAY31274,P17517,811,2024-11-05,Debit,Success
PAY31275,P15051,1811,2020-11-01,Credit,Success
PAY31276,P17191,3716,2022-05-15,Credit,Failed
PAY31277,P14985,3407,2024-01-06,Debit,Failed
PAY31278,P12098,4125,2020-06-22,Credit,Success
PAY31279,P10313,1096,2022-07-10,Debit,Failed
PAY31280,P13464,3602,2021-01-12,Credit,Success
PAY31281,P10267,4858,2023-08-08,Credit,Failed
PAY31282,P15676,3774,2024-08-20,Bank Transfer,Success
PAY31283,P10378,977,2023-03-08,Debit,Failed
PAY31284,P13659,1509,2023-10-24,Bank Transfer,Success
PAY31285,P17375,3045,2023-06-19,Bank Transfer,Failed
PAY31286,P17116,2924,2022-03-28,Credit,Failed
PAY31287,P12088,1048,2025-06-16,Debit,Failed
PAY31288,P14922,1421,2020-10-16,Credit,Success
PAY31289,P11863,2773,2025-05-14,Debit,Failed
PAY31290,P16932,2145,2023-01-16,Debit,Failed
PAY31291,P14927,3917,2022-09-25,Bank Transfer,Failed
PAY31292,P14567,4388,2022-09-14,Credit,Success
PAY31293,P14845,623,2021-01-02,Bank Transfer,Success
PAY31294,P10904,3150,2021-01-25,Debit,Success
PAY31295,P12963,957,2023-05-13,Credit,Failed
PAY31296,P16482,1835,2022-05-07,Credit,Failed
PAY31297,P15449,1343,2021-02-28,Bank Transfer,Success
PAY31298,P17710,3082,2022-07-29,Debit,Failed
PAY31299,P10859,1027,2024-11-07,Debit,Failed
PAY31300,P16411,1832,2020-11-21,Debit,Success
PAY31301,P16828,2215,2024-08-05,Credit,Success
PAY31302,P15576,4701,2022-05-15,Credit,Success
PAY31303,P14918,3010,2022-07-31,Credit,Failed
PAY31304,P17574,2301,2022-01-12,Debit,Failed
PAY31305,P14734,2126,2025-01-12,Credit,Failed
PAY31306,P15906,2417,2025-06-07,Bank Transfer,Failed
PAY31307,P14754,714,2022-08-19,Debit,Failed
PAY31308,P17336,553,2024-12-30,Credit,Failed
PAY31309,P12182,3489,2024-03-20,Bank Transfer,Success
PAY31310,P12861,3666,2022-11-29,Credit,Success
PAY31311,P13081,2807,2023-08-24,Debit,Failed
PAY31312,P16342,3986,2022-02-25,Bank Transfer,Failed
PAY31313,P10684,4169,2022-11-05,Debit,Failed
PAY31314,P10492,4284,2023-03-16,Debit,Failed
PAY31315,P12007,341,2025-04-28,Credit,Success
PAY31316,P10512,4984,2021-12-10,Bank Transfer,Failed
PAY31317,P16317,3554,2022-10-27,Bank Transfer,Failed
PAY31318,P14225,4081,2025-06-17,Credit,Success
PAY31319,P13993,1891,2025-02-12,Debit,Failed
PAY31320,P12558,4603,2021-01-12,Debit,Success
PAY31321,P17888,336,2025-03-24,Bank Transfer,Success
PAY31322,P12895,1560,2023-12-25,Credit,Success
PAY31323,P10419,1539,2024-04-29,Credit,Success
PAY31324,P14110,714,2020-09-16,Debit,Success
PAY31325,P16909,1167,2024-05-13,Debit,Failed
PAY31326,P16642,1722,2024-06-23,Credit,Failed
PAY31327,P13383,1103,2023-05-23,Credit,Success
PAY31328,P15374,3465,2022-04-19,Debit,Success
PAY31329,P15984,1686,2023-04-13,Debit,Success
PAY31330,P15660,4831,2022-10-19,Bank Transfer,Success
PAY31331,P16946,776,2024-09-29,Credit,Failed
PAY31332,P17008,3213,2021-08-17,Bank Transfer,Failed
PAY31333,P14245,4547,2022-11-19,Debit,Failed
PAY31334,P13070,1083,2021-02-19,Bank Transfer,Success
PAY31335,P10754,2422,2022-02-09,Credit,Failed
PAY31336,P13623,3714,2021-09-12,Debit,Success
PAY31337,P15229,4748,2024-06-02,Credit,Success
PAY31338,P17096,2937,2022-10-20,Debit,Failed
PAY31339,P10275,4957,2022-04-19,Bank Transfer,Success
PAY31340,P17798,4649,2023-08-17,Bank Transfer,Success
PAY31341,P14193,4059,2021-05-14,Bank Transfer,Success
PAY31342,P12562,924,2022-02-06,Credit,Success
PAY31343,P10333,1454,2022-06-12,Credit,Failed
PAY31344,P16436,4811,2021-08-06,Debit,Success
PAY31345,P12655,1285,2021-10-07,Debit,Success
PAY31346,P16610,4620,2020-07-17,Credit,Failed
PAY31347,P11438,3067,2021-07-05,Credit,Success
PAY31348,P11855,3326,2022-09-13,Bank Transfer,Failed
PAY31349,P12109,2594,2022-11-23,Bank Transfer,Failed
PAY31350,P11711,4123,2024-12-11,Debit,Failed
PAY31351,P15885,4778,2023-05-22,Bank Transfer,Success
PAY31352,P14707,2093,2021-04-22,Credit,Success
PAY31353,P12675,2375,2021-07-24,Bank Transfer,Success
PAY31354,P12397,704,2022-09-20,Bank Transfer,Success
PAY31355,P17387,325,2021-04-29,Credit,Failed
PAY31356,P10298,2749,2022-04-28,Bank Transfer,Success
PAY31357,P14549,3726,2022-11-10,Credit,Success
PAY31358,P14074,2155,2025-01-24,Debit,Success
PAY31359,P14083,1794,2020-10-15,Bank Transfer,Failed
PAY31360,P10685,4634,2022-02-04,Credit,Failed
PAY31361,P14426,546,2025-04-28,Debit,Success
PAY31362,P11619,1948,2024-07-16,Credit,Success
PAY31363,P12923,3606,2025-03-17,Bank Transfer,Failed
PAY31364,P16204,2445,2025-01-28,Bank Transfer,Failed
PAY31365,P12471,4750,2024-11-23,Debit,Success
PAY31366,P17548,3030,2021-06-26,Debit,Success
PAY31367,P12851,3327,2021-06-15,Debit,Failed
PAY31368,P14911,4457,2022-11-27,Bank Transfer,Failed
PAY31369,P15202,4951,2025-03-26,Credit,Success
PAY31370,P10193,1570,2024-09-15,Bank Transfer,Success
PAY31371,P16064,3639,2021-09-26,Bank Transfer,Failed
PAY31372,P17521,1303,2023-08-14,Debit,Failed
PAY31373,P14789,3181,2024-05-16,Bank Transfer,Success
PAY31374,P15521,617,2024-11-09,Credit,Failed
PAY31375,P14555,1179,2020-08-13,Bank Transfer,Failed
PAY31376,P10788,1411,2021-06-06,Credit,Success
PAY31377,P15330,1558,2021-08-18,Credit,Failed
PAY31378,P12654,4550,2021-10-31,Credit,Success
PAY31379,P17189,3423,2024-12-23,Bank Transfer,Failed
PAY31380,P14890,4042,2024-08-06,Debit,Failed
PAY31381,P12625,1039,2022-08-24,Debit,Success
PAY31382,P14794,963,2022-06-14,Credit,Failed
PAY31383,P14173,1177,2024-05-10,Debit,Failed
PAY31384,P11464,512,2024-06-22,Bank Transfer,Failed
PAY31385,P12756,3323,2024-05-04,Bank Transfer,Failed
PAY31386,P15299,4198,2021-03-08,Debit,Failed
PAY31387,P11371,2767,2024-08-26,Credit,Success
PAY31388,P11577,2001,2020-09-23,Debit,Success
PAY31389,P14500,1368,2023-01-10,Credit,Failed
PAY31390,P11032,1602,2024-04-18,Bank Transfer,Success
PAY31391,P15713,2172,2022-05-11,Bank Transfer,Success
PAY31392,P13804,390,2024-02-03,Bank Transfer,Success
PAY31393,P11106,891,2025-04-06,Credit,Failed
PAY31394,P16735,2444,2022-03-31,Debit,Success
PAY31395,P11732,3163,2022-03-14,Bank Transfer,Success
PAY31396,P11511,4900,2022-10-14,Bank Transfer,Failed
PAY31397,P17576,4859,2021-11-06,Credit,Failed
PAY31398,P11826,1418,2023-10-14,Credit,Failed
PAY31399,P13515,3217,2023-01-15,Credit,Failed
PAY31400,P12011,2736,2025-04-11,Bank Transfer,Failed
PAY31401,P12103,3280,2023-11-15,Bank Transfer,Success
PAY31402,P17005,1582,2020-07-23,Credit,Failed
PAY31403,P15827,3992,2024-03-26,Credit,Success
PAY31404,P10279,540,2023-06-07,Bank Transfer,Failed
PAY31405,P11396,2339,2022-06-20,Bank Transfer,Success
PAY31406,P17968,4041,2024-11-10,Credit,Success
PAY31407,P13089,1830,2022-02-22,Debit,Failed
PAY31408,P12534,2175,2021-04-02,Bank Transfer,Failed
PAY31409,P12782,4416,2024-03-18,Debit,Success
PAY31410,P10394,3878,2025-05-04,Credit,Success
PAY31411,P11805,4000,2024-04-21,Bank Transfer,Failed
PAY31412,P17530,2728,2024-11-12,Credit,Failed
PAY31413,P14201,4576,2022-04-15,Bank Transfer,Failed
PAY31414,P17032,2000,2021-01-13,Debit,Failed
PAY31415,P16249,4009,2021-02-03,Credit,Success
PAY31416,P16328,2262,2022-12-23,Debit,Success
PAY31417,P14248,4480,2021-12-31,Credit,Success
PAY31418,P12557,2764,2025-01-30,Credit,Failed
PAY31419,P12309,3863,2024-09-15,Credit,Success
PAY31420,P10603,2329,2021-10-24,Credit,Failed
PAY31421,P16892,4045,2024-05-14,Debit,Failed
PAY31422,P15064,3198,2022-02-15,Bank Transfer,Success
PAY31423,P15164,749,2023-01-02,Debit,Failed
PAY31424,P14807,2640,2020-12-30,Bank Transfer,Failed
PAY31425,P17735,2354,2023-04-07,Debit,Success
PAY31426,P16305,823,2025-02-01,Debit,Success
PAY31427,P16946,3629,2020-11-12,Bank Transfer,Success
PAY31428,P12558,2077,2021-02-22,Credit,Failed
PAY31429,P14521,4069,2023-07-24,Debit,Success
PAY31430,P11610,2561,2020-08-16,Credit,Failed
PAY31431,P10166,2268,2025-03-04,Credit,Failed
PAY31432,P15109,1121,2022-10-17,Debit,Success
PAY31433,P16850,4693,2022-02-23,Credit,Failed
PAY31434,P15760,4344,2023-10-11,Debit,Success
PAY31435,P12083,2354,2020-09-02,Bank Transfer,Success
PAY31436,P10625,1179,2024-09-09,Credit,Failed
PAY31437,P11290,648,2023-08-14,Credit,Success
PAY31438,P17828,1035,2025-04-27,Credit,Failed
PAY31439,P12256,4004,2021-10-08,Bank Transfer,Failed
PAY31440,P16425,1869,2022-04-14,Debit,Failed
PAY31441,P10570,3554,2023-10-03,Credit,Failed
PAY31442,P15406,1705,2020-10-13,Bank Transfer,Failed
PAY31443,P14875,4392,2021-12-24,Debit,Success
PAY31444,P10539,4622,2024-01-15,Bank Transfer,Failed
PAY31445,P17771,535,2020-12-22,Debit,Failed
PAY31446,P14939,2748,2024-05-04,Credit,Failed
PAY31447,P12490,3906,2024-07-17,Credit,Failed
PAY31448,P17308,3080,2024-11-17,Bank Transfer,Success
PAY31449,P11999,4647,2021-10-02,Debit,Success
PAY31450,P17974,1205,2025-03-22,Debit,Success
PAY31451,P12450,3816,2020-07-20,Debit,Failed
PAY31452,P17787,4423,2025-04-27,Credit,Failed
PAY31453,P15683,4162,2023-02-15,Bank Transfer,Failed
PAY31454,P14772,2852,2025-02-07,Credit,Failed
PAY31455,P17401,3563,2020-06-28,Debit,Success
PAY31456,P17439,1798,2021-05-26,Bank Transfer,Failed
PAY31457,P13309,1565,2022-01-11,Debit,Success
PAY31458,P13533,1482,2021-01-14,Bank Transfer,Success
PAY31459,P14919,4669,2023-07-16,Debit,Success
PAY31460,P16014,3863,2020-07-27,Credit,Success
PAY31461,P13356,3876,2023-12-06,Bank Transfer,Success
PAY31462,P11848,1732,2024-07-28,Bank Transfer,Success
PAY31463,P17884,1534,2021-07-07,Bank Transfer,Success
PAY31464,P12517,1613,2024-10-03,Bank Transfer,Success
PAY31465,P12163,3939,2021-09-18,Debit,Success
PAY31466,P12015,1362,2022-05-31,Debit,Failed
PAY31467,P13119,2030,2020-10-15,Credit,Success
PAY31468,P13266,1209,2022-09-28,Bank Transfer,Success
PAY31469,P14976,1709,2020-08-20,Bank Transfer,Success
PAY31470,P16358,4521,2020-09-20,Bank Transfer,Success
PAY31471,P10976,4400,2021-01-02,Credit,Failed
PAY31472,P14283,1910,2024-12-02,Bank Transfer,Failed
PAY31473,P11192,3207,2025-05-31,Debit,Success
PAY31474,P12599,2755,2023-02-09,Credit,Failed
PAY31475,P15262,1412,2020-12-25,Credit,Failed
PAY31476,P14899,856,2021-05-02,Bank Transfer,Failed
PAY31477,P11612,4164,2021-03-29,Credit,Success
PAY31478,P11230,1541,2020-09-27,Bank Transfer,Failed
PAY31479,P15416,4903,2024-12-28,Debit,Success
PAY31480,P15033,1633,2022-06-13,Credit,Success
PAY31481,P12928,4987,2022-02-03,Debit,Success
PAY31482,P15669,4532,2021-06-23,Credit,Failed
PAY31483,P13634,439,2020-06-27,Bank Transfer,Failed
PAY31484,P13680,4096,2021-08-20,Debit,Failed
PAY31485,P12290,510,2023-08-12,Credit,Failed
PAY31486,P10445,818,2024-12-04,Bank Transfer,Failed
PAY31487,P14771,3114,2021-05-16,Credit,Success
PAY31488,P17657,4943,2024-10-03,Credit,Success
PAY31489,P17077,4441,2023-12-19,Bank Transfer,Success
PAY31490,P10658,1750,2022-08-24,Credit,Success
PAY31491,P17493,4030,2023-05-10,Debit,Failed
PAY31492,P14147,724,2020-07-24,Bank Transfer,Failed
PAY31493,P12115,1707,2025-04-23,Debit,Success
PAY31494,P13263,1507,2023-01-23,Debit,Failed
PAY31495,P10132,763,2024-11-17,Credit,Failed
PAY31496,P12437,2340,2024-05-04,Debit,Success
PAY31497,P11387,1422,2023-11-05,Bank Transfer,Success
PAY31498,P16871,1404,2022-02-22,Credit,Success
PAY31499,P16127,3979,2022-03-03,Debit,Success
PAY31500,P17830,422,2023-01-14,Debit,Success
PAY31501,P14755,646,2023-02-28,Credit,Failed
PAY31502,P15129,4615,2020-11-09,Credit,Success
PAY31503,P14486,4963,2022-03-17,Credit,Failed
PAY31504,P11586,3223,2024-02-21,Bank Transfer,Success
PAY31505,P13362,729,2024-08-22,Credit,Success
PAY31506,P14419,4627,2025-06-04,Debit,Failed
PAY31507,P17173,356,2023-02-12,Debit,Success
PAY31508,P16855,4233,2023-02-05,Debit,Failed
PAY31509,P10728,3923,2025-01-21,Debit,Success
PAY31510,P13070,3490,2025-05-28,Bank Transfer,Failed
PAY31511,P11888,1477,2021-07-23,Bank Transfer,Success
PAY31512,P17669,4267,2025-02-05,Credit,Success
PAY31513,P11436,3447,2021-10-10,Debit,Success
PAY31514,P13512,425,2021-08-20,Credit,Failed
PAY31515,P15321,3335,2021-02-21,Bank Transfer,Success
PAY31516,P12624,2275,2021-04-17,Credit,Failed
PAY31517,P11608,2285,2025-03-01,Bank Transfer,Success
PAY31518,P15883,3387,2021-12-29,Debit,Failed
PAY31519,P17286,4970,2025-04-09,Credit,Success
PAY31520,P17851,4121,2022-07-31,Credit,Success
PAY31521,P13677,2182,2020-11-22,Bank Transfer,Failed
PAY31522,P16997,3916,2023-11-06,Credit,Failed
PAY31523,P11489,1555,2021-02-25,Bank Transfer,Success
PAY31524,P13930,2273,2023-05-01,Bank Transfer,Success
PAY31525,P14796,3263,2022-03-05,Debit,Success
PAY31526,P11769,3743,2020-09-09,Bank Transfer,Failed
PAY31527,P17455,657,2020-12-03,Bank Transfer,Success
PAY31528,P13340,4670,2023-01-30,Bank Transfer,Success
PAY31529,P12439,1426,2020-09-15,Bank Transfer,Failed
PAY31530,P10568,2228,2024-06-08,Bank Transfer,Failed
PAY31531,P14669,4230,2021-06-04,Bank Transfer,Failed
PAY31532,P14419,2501,2021-03-12,Bank Transfer,Failed
PAY31533,P15428,4699,2022-10-26,Credit,Success
PAY31534,P16899,2370,2023-01-09,Credit,Failed
PAY31535,P12346,3974,2023-01-20,Debit,Success
PAY31536,P17823,3758,2025-03-10,Bank Transfer,Failed
PAY31537,P16846,3674,2022-07-30,Bank Transfer,Success
PAY31538,P10679,910,2025-04-21,Debit,Failed
PAY31539,P11700,4745,2022-03-18,Bank Transfer,Failed
PAY31540,P15287,2584,2021-10-05,Debit,Success
PAY31541,P15098,937,2021-01-02,Bank Transfer,Failed
PAY31542,P12171,4055,2021-12-25,Bank Transfer,Success
PAY31543,P15123,2973,2025-01-19,Debit,Failed
PAY31544,P16239,1590,2024-01-12,Bank Transfer,Success
PAY31545,P13153,3729,2020-09-23,Bank Transfer,Success
PAY31546,P11600,517,2024-09-26,Credit,Success
PAY31547,P15877,2704,2025-05-04,Credit,Success
PAY31548,P17360,4447,2023-11-01,Credit,Failed
PAY31549,P17513,4640,2024-08-23,Debit,Success
PAY31550,P17393,3283,2022-03-19,Debit,Success
PAY31551,P13439,1256,2024-12-27,Debit,Failed
PAY31552,P17949,3202,2025-03-04,Debit,Success
PAY31553,P10558,2101,2022-03-20,Bank Transfer,Failed
PAY31554,P15558,300,2022-08-05,Bank Transfer,Success
PAY31555,P14194,3239,2022-07-21,Debit,Failed
PAY31556,P16335,2364,2023-09-04,Bank Transfer,Success
PAY31557,P17304,4766,2025-03-05,Bank Transfer,Success
PAY31558,P14869,2977,2022-11-25,Credit,Failed
PAY31559,P15910,4570,2022-09-25,Bank Transfer,Success
PAY31560,P16650,2928,2021-03-09,Debit,Failed
PAY31561,P17509,3254,2020-11-23,Debit,Success
PAY31562,P10136,1065,2022-08-31,Debit,Failed
PAY31563,P14232,3680,2024-07-20,Credit,Success
PAY31564,P15219,694,2020-12-17,Credit,Success
PAY31565,P11521,2254,2024-07-13,Credit,Success
PAY31566,P16907,3468,2020-11-09,Bank Transfer,Success
PAY31567,P14815,4493,2020-10-12,Credit,Success
PAY31568,P10913,896,2023-07-07,Debit,Failed
PAY31569,P10357,2662,2023-07-21,Debit,Success
PAY31570,P11152,4797,2024-11-06,Debit,Failed
PAY31571,P17294,1887,2023-11-24,Credit,Success
PAY31572,P15897,4715,2021-08-29,Bank Transfer,Failed
PAY31573,P15514,3237,2024-01-03,Bank Transfer,Success
PAY31574,P14183,2615,2021-05-25,Bank Transfer,Success
PAY31575,P14519,3076,2020-09-19,Bank Transfer,Failed
PAY31576,P12756,437,2024-08-01,Credit,Failed
PAY31577,P10354,1295,2020-08-16,Bank Transfer,Failed
PAY31578,P16815,3897,2023-12-27,Credit,Success
PAY31579,P10655,1084,2023-04-19,Credit,Success
PAY31580,P10680,3086,2020-10-23,Bank Transfer,Failed
PAY31581,P12214,3924,2021-01-04,Bank Transfer,Success
PAY31582,P13835,2870,2023-11-09,Credit,Failed
PAY31583,P15716,2575,2023-07-12,Credit,Failed
PAY31584,P17883,3195,2020-11-19,Debit,Success
PAY31585,P17926,2174,2023-07-24,Bank Transfer,Failed
PAY31586,P11758,2996,2023-02-27,Bank Transfer,Failed
PAY31587,P11452,4946,2021-02-06,Debit,Failed
PAY31588,P12649,3759,2023-02-12,Credit,Failed
PAY31589,P13660,3184,2020-09-29,Credit,Success
PAY31590,P13420,3751,2024-11-12,Credit,Success
PAY31591,P15236,3509,2022-02-19,Credit,Success
PAY31592,P12485,1770,2024-04-12,Bank Transfer,Success
PAY31593,P11037,737,2022-06-26,Debit,Success
PAY31594,P10261,3474,2022-12-02,Credit,Failed
PAY31595,P11317,578,2021-12-03,Bank Transfer,Success
PAY31596,P12751,4825,2021-06-13,Credit,Failed
PAY31597,P15569,780,2021-08-13,Credit,Success
PAY31598,P13243,4444,2020-11-24,Debit,Success
PAY31599,P14236,3788,2021-09-14,Debit,Success
PAY31600,P17745,939,2024-07-07,Credit,Success
PAY31601,P13532,3159,2021-11-12,Bank Transfer,Failed
PAY31602,P17565,827,2021-04-04,Debit,Failed
PAY31603,P15193,1581,2025-01-14,Debit,Success
PAY31604,P11167,4036,2021-04-16,Bank Transfer,Failed
PAY31605,P11638,2505,2024-10-18,Debit,Success
PAY31606,P17905,3753,2025-02-23,Debit,Success
PAY31607,P17371,2237,2022-11-20,Credit,Failed
PAY31608,P13464,2487,2020-11-04,Debit,Success
PAY31609,P13074,2724,2021-02-25,Debit,Failed
PAY31610,P14217,2838,2025-05-02,Credit,Failed
PAY31611,P11806,1813,2021-09-14,Debit,Success
PAY31612,P12011,909,2023-07-07,Debit,Success
PAY31613,P12703,4658,2022-10-14,Credit,Success
PAY31614,P10438,1056,2024-05-25,Debit,Success
PAY31615,P10351,3347,2025-02-07,Bank Transfer,Failed
PAY31616,P10502,904,2024-12-27,Debit,Success
PAY31617,P14987,1488,2022-09-13,Bank Transfer,Success
PAY31618,P10729,4431,2024-04-23,Credit,Success
PAY31619,P13472,647,2022-08-09,Debit,Success
PAY31620,P17399,2878,2025-02-03,Debit,Failed
PAY31621,P13143,2889,2022-05-20,Bank Transfer,Failed
PAY31622,P12714,1907,2023-01-01,Bank Transfer,Failed
PAY31623,P11317,2929,2023-04-13,Credit,Success
PAY31624,P10226,2768,2021-07-21,Debit,Success
PAY31625,P16787,4846,2023-02-21,Debit,Failed
PAY31626,P15705,1376,2024-11-14,Bank Transfer,Success
PAY31627,P14440,3454,2022-06-13,Debit,Success
PAY31628,P11867,474,2020-09-13,Credit,Success
PAY31629,P10562,3869,2023-05-25,Credit,Failed
PAY31630,P17995,2561,2022-10-16,Debit,Success
PAY31631,P17115,1098,2021-06-02,Debit,Failed
PAY31632,P17736,3199,2024-08-05,Credit,Failed
PAY31633,P12634,951,2024-01-23,Bank Transfer,Success
PAY31634,P10597,4091,2020-09-12,Debit,Success
PAY31635,P10056,851,2025-03-28,Debit,Failed
PAY31636,P11411,3682,2022-10-28,Credit,Failed
PAY31637,P12327,3651,2021-06-02,Debit,Failed
PAY31638,P13537,1487,2025-03-04,Credit,Success
PAY31639,P12739,4783,2021-07-07,Credit,Success
PAY31640,P17013,3232,2024-04-12,Bank Transfer,Success
PAY31641,P14262,1836,2021-10-23,Debit,Failed
PAY31642,P16019,975,2022-09-12,Credit,Success
PAY31643,P12985,3426,2024-05-18,Bank Transfer,Failed
PAY31644,P16172,4132,2022-11-13,Credit,Failed
PAY31645,P10721,840,2020-10-22,Debit,Success
PAY31646,P10459,3852,2020-09-22,Debit,Failed
PAY31647,P17603,1996,2020-11-24,Bank Transfer,Success
PAY31648,P10382,742,2021-05-10,Credit,Failed
PAY31649,P14670,3792,2024-11-24,Credit,Success
PAY31650,P15781,391,2024-04-01,Debit,Failed
PAY31651,P16097,470,2021-01-27,Credit,Success
PAY31652,P11438,1033,2021-11-03,Credit,Success
PAY31653,P11397,1664,2021-12-09,Debit,Success
PAY31654,P17592,3319,2022-12-27,Credit,Failed
PAY31655,P14733,1826,2022-11-17,Bank Transfer,Failed
PAY31656,P11208,1884,2023-04-11,Debit,Failed
PAY31657,P15795,1596,2021-04-09,Bank Transfer,Failed
PAY31658,P10611,4624,2024-03-12,Debit,Success
PAY31659,P14371,1140,2021-09-19,Bank Transfer,Failed
PAY31660,P16781,621,2020-08-17,Bank Transfer,Success
PAY31661,P17305,4074,2023-03-03,Debit,Success
PAY31662,P10007,2354,2023-07-28,Debit,Success
PAY31663,P10338,4816,2021-06-04,Credit,Success
PAY31664,P15726,4908,2021-04-20,Debit,Success
PAY31665,P14640,4227,2023-03-18,Credit,Failed
PAY31666,P13520,2410,2023-04-19,Bank Transfer,Failed
PAY31667,P11246,3434,2020-12-24,Debit,Failed
PAY31668,P16334,826,2023-06-07,Debit,Failed
PAY31669,P14982,714,2024-02-28,Bank Transfer,Failed
PAY31670,P12509,505,2022-02-07,Credit,Failed
PAY31671,P15229,1244,2021-08-31,Bank Transfer,Failed
PAY31672,P10690,4646,2024-06-11,Bank Transfer,Failed
PAY31673,P13199,4910,2025-06-07,Bank Transfer,Failed
PAY31674,P11808,1235,2024-05-29,Bank Transfer,Success
PAY31675,P12227,1655,2022-10-29,Credit,Failed
PAY31676,P17929,727,2024-12-16,Credit,Success
PAY31677,P15627,882,2020-12-08,Debit,Failed
PAY31678,P13952,3868,2021-11-09,Bank Transfer,Failed
PAY31679,P17132,680,2021-12-18,Bank Transfer,Failed
PAY31680,P13639,3326,2023-03-24,Bank Transfer,Failed
PAY31681,P13316,1300,2021-03-22,Debit,Failed
PAY31682,P14630,3198,2023-05-27,Credit,Failed
PAY31683,P17428,3979,2021-11-11,Credit,Success
PAY31684,P13939,2763,2023-04-14,Debit,Success
PAY31685,P10294,1040,2023-08-17,Debit,Success
PAY31686,P16477,1364,2023-10-27,Credit,Success
PAY31687,P10147,4320,2021-11-21,Debit,Success
PAY31688,P14493,1259,2024-03-12,Credit,Failed
PAY31689,P13190,548,2024-01-27,Credit,Failed
PAY31690,P12995,3403,2023-10-23,Bank Transfer,Success
PAY31691,P15558,2641,2021-03-27,Bank Transfer,Failed
PAY31692,P15182,677,2021-09-09,Bank Transfer,Success
PAY31693,P13735,3995,2024-06-10,Debit,Failed
PAY31694,P15274,859,2025-05-03,Bank Transfer,Failed
PAY31695,P11425,2412,2023-04-28,Credit,Success
PAY31696,P10117,2509,2020-08-25,Credit,Failed
PAY31697,P11811,3201,2024-08-25,Debit,Failed
PAY31698,P10417,4086,2020-12-11,Credit,Failed
PAY31699,P14582,1043,2023-12-10,Debit,Success
PAY31700,P12168,787,2021-11-11,Credit,Success
PAY31701,P17184,693,2021-08-17,Credit,Failed
PAY31702,P13331,826,2024-12-20,Debit,Failed
PAY31703,P12290,916,2021-12-05,Debit,Failed
PAY31704,P12027,3283,2023-10-09,Credit,Failed
PAY31705,P10625,410,2025-03-10,Credit,Success
PAY31706,P16782,3207,2022-01-10,Debit,Failed
PAY31707,P13697,4315,2025-06-12,Credit,Failed
PAY31708,P11052,4070,2022-01-13,Bank Transfer,Failed
PAY31709,P16242,2448,2021-11-10,Credit,Success
PAY31710,P11605,586,2023-05-07,Bank Transfer,Failed
PAY31711,P11572,4147,2025-05-19,Credit,Failed
PAY31712,P11756,4285,2025-02-12,Bank Transfer,Failed
PAY31713,P17871,1367,2024-11-15,Debit,Failed
PAY31714,P10569,2759,2021-11-27,Credit,Failed
PAY31715,P14589,746,2024-02-04,Debit,Failed
PAY31716,P12302,303,2021-02-08,Credit,Success
PAY31717,P12569,574,2022-10-28,Debit,Failed
PAY31718,P10920,3627,2022-06-05,Debit,Success
PAY31719,P10337,2665,2022-02-02,Debit,Failed
PAY31720,P16770,4287,2021-11-14,Credit,Failed
PAY31721,P12639,596,2021-05-08,Bank Transfer,Success
PAY31722,P16799,4280,2022-04-10,Credit,Failed
PAY31723,P12896,3264,2024-10-07,Bank Transfer,Failed
PAY31724,P17099,1932,2022-01-02,Credit,Failed
PAY31725,P16854,1760,2020-11-08,Bank Transfer,Success
PAY31726,P10228,904,2021-11-23,Credit,Failed
PAY31727,P10066,1576,2023-05-28,Debit,Success
PAY31728,P11475,2799,2021-09-28,Debit,Failed
PAY31729,P14811,4939,2024-08-07,Bank Transfer,Failed
PAY31730,P16630,4090,2024-04-03,Debit,Failed
PAY31731,P11533,3502,2023-07-01,Credit,Failed
PAY31732,P17871,2627,2024-11-02,Bank Transfer,Failed
PAY31733,P10107,391,2025-01-17,Debit,Success
PAY31734,P15745,2667,2020-11-26,Credit,Failed
PAY31735,P14844,3138,2022-08-30,Credit,Success
PAY31736,P12920,2202,2021-08-28,Debit,Failed
PAY31737,P17734,1087,2021-05-03,Bank Transfer,Failed
PAY31738,P14501,724,2025-01-01,Debit,Success
PAY31739,P17390,2246,2020-09-16,Credit,Success
PAY31740,P17228,1270,2021-02-26,Bank Transfer,Failed
PAY31741,P12025,3123,2021-10-31,Debit,Failed
PAY31742,P15327,3251,2023-09-20,Debit,Success
PAY31743,P15158,3608,2022-09-13,Credit,Success
PAY31744,P11024,3371,2023-08-01,Debit,Success
PAY31745,P17027,565,2024-07-16,Credit,Failed
PAY31746,P15890,3569,2020-09-01,Credit,Failed
PAY31747,P17565,4786,2023-12-02,Credit,Success
PAY31748,P14121,1535,2023-08-13,Debit,Success
PAY31749,P12929,1922,2022-10-01,Bank Transfer,Failed
PAY31750,P15055,2908,2022-04-03,Bank Transfer,Success
PAY31751,P13202,4654,2021-03-08,Bank Transfer,Success
PAY31752,P17847,1717,2024-01-14,Bank Transfer,Success
PAY31753,P15161,613,2020-09-17,Debit,Failed
PAY31754,P13330,2348,2023-11-06,Debit,Success
PAY31755,P13121,1871,2024-01-17,Debit,Success
PAY31756,P13662,1141,2021-11-14,Credit,Success
PAY31757,P17396,1495,2021-12-15,Bank Transfer,Success
PAY31758,P13271,983,2020-10-16,Credit,Success
PAY31759,P13996,510,2023-01-09,Debit,Success
PAY31760,P15778,4258,2024-12-03,Bank Transfer,Failed
PAY31761,P12728,1449,2023-10-31,Credit,Success
PAY31762,P15072,2674,2024-05-09,Debit,Success
PAY31763,P16594,3237,2025-06-11,Credit,Success
PAY31764,P15118,2728,2024-03-09,Debit,Failed
PAY31765,P15430,2566,2024-05-25,Bank Transfer,Failed
PAY31766,P10053,1632,2024-03-25,Bank Transfer,Failed
PAY31767,P12006,740,2024-07-24,Debit,Success
PAY31768,P16265,1308,2021-08-06,Bank Transfer,Failed
PAY31769,P12796,2968,2022-11-07,Debit,Success
PAY31770,P15563,439,2025-04-10,Debit,Success
PAY31771,P11987,1746,2023-07-09,Credit,Success
PAY31772,P10874,1072,2020-08-21,Debit,Success
PAY31773,P12557,1652,2023-03-25,Debit,Success
PAY31774,P12793,4329,2025-05-27,Bank Transfer,Failed
PAY31775,P11280,734,2021-05-03,Credit,Success
PAY31776,P14796,3570,2023-10-25,Bank Transfer,Failed
PAY31777,P11066,3559,2021-01-21,Debit,Failed
PAY31778,P13455,3484,2021-10-31,Credit,Failed
PAY31779,P11086,4088,2021-01-27,Credit,Success
PAY31780,P16076,3880,2024-03-09,Debit,Failed
PAY31781,P16348,2493,2022-10-01,Debit,Failed
PAY31782,P16516,1395,2025-01-04,Bank Transfer,Success
PAY31783,P15394,1473,2023-01-09,Bank Transfer,Success
PAY31784,P10210,3092,2024-06-16,Bank Transfer,Success
PAY31785,P17532,4341,2024-02-29,Bank Transfer,Failed
PAY31786,P11315,3533,2021-04-23,Bank Transfer,Failed
PAY31787,P11434,4733,2023-09-13,Bank Transfer,Failed
PAY31788,P16223,1310,2024-12-05,Bank Transfer,Success
PAY31789,P11399,4065,2021-02-20,Debit,Success
PAY31790,P16525,901,2022-04-15,Debit,Failed
PAY31791,P11040,3860,2021-12-06,Bank Transfer,Failed
PAY31792,P11548,4144,2020-09-26,Debit,Success
PAY31793,P11941,3041,2024-09-01,Bank Transfer,Failed
PAY31794,P17919,3728,2021-08-30,Credit,Failed
PAY31795,P13398,3527,2021-08-26,Debit,Success
PAY31796,P11638,2090,2022-04-20,Bank Transfer,Success
PAY31797,P10505,3438,2021-07-05,Debit,Success
PAY31798,P10089,711,2022-08-06,Debit,Failed
PAY31799,P16717,3026,2023-10-26,Credit,Success
PAY31800,P16542,3371,2022-09-13,Bank Transfer,Success
PAY31801,P13790,2965,2022-07-01,Bank Transfer,Failed
PAY31802,P12924,2819,2023-06-29,Credit,Failed
PAY31803,P13649,4938,2021-10-21,Debit,Failed
PAY31804,P13118,3484,2022-06-10,Debit,Success
PAY31805,P10443,1157,2024-07-31,Bank Transfer,Failed
PAY31806,P14424,2628,2025-05-04,Debit,Failed
PAY31807,P16432,2341,2021-02-16,Debit,Success
PAY31808,P13287,3106,2021-01-06,Credit,Failed
PAY31809,P15299,1200,2023-07-29,Credit,Failed
PAY31810,P11125,3940,2023-06-02,Credit,Failed
PAY31811,P13240,4704,2022-12-28,Credit,Failed
PAY31812,P10938,1249,2021-06-06,Debit,Failed
PAY31813,P17657,2538,2023-10-22,Debit,Success
PAY31814,P15714,4442,2023-11-13,Bank Transfer,Failed
PAY31815,P17384,1512,2025-06-15,Bank Transfer,Failed
PAY31816,P12047,761,2024-12-18,Credit,Failed
PAY31817,P17805,3388,2025-02-13,Bank Transfer,Failed
PAY31818,P16134,2606,2022-11-01,Debit,Failed
PAY31819,P16451,3624,2021-12-30,Debit,Failed
PAY31820,P16995,2006,2024-09-23,Credit,Failed
PAY31821,P13003,654,2025-03-01,Debit,Failed
PAY31822,P15468,2092,2020-12-25,Credit,Success
PAY31823,P10671,4498,2020-06-21,Credit,Failed
PAY31824,P13811,2576,2021-04-16,Bank Transfer,Failed
PAY31825,P13292,4591,2023-07-06,Credit,Failed
PAY31826,P10020,1618,2025-02-16,Debit,Success
PAY31827,P14808,2120,2024-09-22,Bank Transfer,Success
PAY31828,P10710,3098,2024-01-11,Debit,Success
PAY31829,P11414,2948,2022-07-05,Debit,Failed
PAY31830,P17843,3517,2023-10-25,Debit,Success
PAY31831,P10072,4446,2024-03-07,Bank Transfer,Success
PAY31832,P17148,3629,2024-04-11,Credit,Failed
PAY31833,P13133,1191,2024-11-17,Credit,Failed
PAY31834,P10623,2994,2024-09-23,Debit,Failed
PAY31835,P13551,4171,2022-09-23,Bank Transfer,Success
PAY31836,P10397,2384,2023-05-10,Bank Transfer,Failed
PAY31837,P16572,1362,2021-03-13,Credit,Failed
PAY31838,P15638,1661,2024-01-16,Bank Transfer,Failed
PAY31839,P14876,3649,2023-05-31,Credit,Failed
PAY31840,P14530,2261,2023-12-07,Credit,Failed
PAY31841,P11746,1717,2024-01-15,Debit,Failed
PAY31842,P14177,1213,2025-01-09,Bank Transfer,Success
PAY31843,P15064,1131,2020-12-22,Credit,Success
PAY31844,P10942,3731,2022-06-26,Bank Transfer,Success
PAY31845,P15244,3038,2021-12-05,Debit,Success
PAY31846,P10836,3448,2023-10-17,Debit,Failed
PAY31847,P10542,1585,2022-11-14,Debit,Failed
PAY31848,P13537,881,2025-05-06,Credit,Failed
PAY31849,P12582,2896,2022-02-28,Debit,Success
PAY31850,P15787,1935,2025-05-25,Credit,Success
PAY31851,P12698,4714,2020-09-30,Debit,Failed
PAY31852,P11004,2283,2020-08-28,Credit,Failed
PAY31853,P17107,721,2025-03-03,Credit,Success
PAY31854,P12062,2695,2022-03-06,Debit,Failed
PAY31855,P12159,2841,2023-09-14,Credit,Failed
PAY31856,P12314,4999,2022-11-27,Debit,Failed
PAY31857,P14697,1968,2023-11-24,Credit,Success
PAY31858,P14154,561,2022-03-24,Debit,Success
PAY31859,P17411,4265,2021-03-16,Debit,Success
PAY31860,P13294,4819,2021-11-30,Bank Transfer,Success
PAY31861,P12372,796,2025-02-22,Debit,Failed
PAY31862,P15213,3339,2024-03-07,Credit,Success
PAY31863,P17124,1527,2022-11-04,Credit,Failed
PAY31864,P12466,340,2020-07-18,Credit,Failed
PAY31865,P11579,2002,2023-06-20,Credit,Failed
PAY31866,P17815,2565,2025-05-21,Bank Transfer,Success
PAY31867,P14275,4928,2021-01-21,Credit,Success
PAY31868,P13711,2215,2025-03-10,Bank Transfer,Failed
PAY31869,P13934,3753,2023-03-25,Bank Transfer,Success
PAY31870,P14346,1701,2023-08-17,Credit,Failed
PAY31871,P10224,942,2023-02-26,Credit,Success
PAY31872,P10402,4567,2024-08-06,Bank Transfer,Success
PAY31873,P14590,3443,2020-10-06,Bank Transfer,Success
PAY31874,P12633,1511,2022-11-20,Bank Transfer,Success
PAY31875,P17739,340,2023-12-04,Credit,Failed
PAY31876,P14836,2881,2023-04-11,Bank Transfer,Failed
PAY31877,P12516,3605,2020-11-21,Bank Transfer,Success
PAY31878,P11783,4626,2024-08-20,Credit,Success
PAY31879,P11269,3073,2023-12-11,Debit,Failed
PAY31880,P11840,1366,2024-02-28,Bank Transfer,Failed
PAY31881,P15926,4787,2020-10-23,Credit,Success
PAY31882,P13493,4606,2020-12-31,Bank Transfer,Failed
PAY31883,P16328,469,2020-10-01,Bank Transfer,Success
PAY31884,P10096,4470,2020-07-25,Bank Transfer,Success
PAY31885,P14145,4596,2024-01-09,Bank Transfer,Success
PAY31886,P11834,2331,2025-06-06,Bank Transfer,Success
PAY31887,P14647,4564,2022-04-12,Debit,Failed
PAY31888,P16667,3385,2021-01-11,Credit,Failed
PAY31889,P15498,3568,2023-08-02,Debit,Success
PAY31890,P14072,2353,2021-04-28,Credit,Success
PAY31891,P17180,3699,2022-11-18,Credit,Success
PAY31892,P12874,4683,2022-11-27,Bank Transfer,Failed
PAY31893,P12854,1902,2024-04-02,Credit,Success
PAY31894,P14159,1853,2021-10-02,Credit,Success
PAY31895,P14500,2316,2023-04-29,Debit,Success
PAY31896,P12837,3364,2025-06-01,Debit,Failed
PAY31897,P10891,4587,2021-12-15,Credit,Success
PAY31898,P10804,4636,2024-01-22,Bank Transfer,Success
PAY31899,P16663,3674,2020-10-18,Debit,Success
PAY31900,P16572,2215,2021-12-28,Credit,Success
PAY31901,P13895,3492,2023-02-20,Bank Transfer,Success
PAY31902,P17372,854,2023-09-22,Credit,Failed
PAY31903,P10141,3135,2022-08-28,Credit,Failed
PAY31904,P14922,3854,2020-08-31,Bank Transfer,Success
PAY31905,P16394,4323,2021-10-10,Bank Transfer,Success
PAY31906,P13638,399,2022-04-08,Credit,Success
PAY31907,P16284,2053,2025-06-14,Bank Transfer,Failed
PAY31908,P14099,3212,2021-01-06,Debit,Failed
PAY31909,P14334,3852,2025-04-01,Debit,Success
PAY31910,P17593,1977,2020-09-02,Credit,Failed
PAY31911,P13571,1664,2023-06-19,Debit,Failed
PAY31912,P13698,1117,2022-07-26,Bank Transfer,Failed
PAY31913,P15830,2300,2023-10-01,Credit,Failed
PAY31914,P14665,4902,2022-08-07,Bank Transfer,Failed
PAY31915,P14128,3205,2022-01-03,Debit,Failed
PAY31916,P11487,1391,2024-08-21,Debit,Success
PAY31917,P12065,4365,2025-04-26,Debit,Success
PAY31918,P17099,2922,2023-11-05,Bank Transfer,Success
PAY31919,P11174,3731,2023-03-17,Credit,Failed
PAY31920,P17594,3277,2025-04-15,Bank Transfer,Failed
PAY31921,P12530,2391,2021-11-29,Credit,Failed
PAY31922,P11418,3818,2023-02-15,Credit,Success
PAY31923,P17165,451,2024-09-13,Bank Transfer,Success
PAY31924,P16113,868,2024-12-15,Credit,Success
PAY31925,P16671,4515,2021-07-15,Bank Transfer,Failed
PAY31926,P12738,3923,2023-12-29,Debit,Success
PAY31927,P12948,1797,2021-01-27,Credit,Failed
PAY31928,P14526,3092,2023-08-03,Bank Transfer,Success
PAY31929,P11435,3499,2021-04-17,Debit,Success
PAY31930,P17228,1030,2023-02-06,Debit,Failed
PAY31931,P16336,4982,2021-10-03,Bank Transfer,Failed
PAY31932,P14683,3184,2020-09-29,Bank Transfer,Success
PAY31933,P13410,1752,2020-12-25,Bank Transfer,Failed
PAY31934,P15926,2272,2023-01-11,Bank Transfer,Failed
PAY31935,P10838,2680,2021-02-19,Debit,Success
PAY31936,P17618,4896,2025-04-30,Debit,Failed
PAY31937,P12731,1398,2023-10-14,Debit,Success
PAY31938,P10431,808,2025-03-29,Debit,Failed
PAY31939,P17198,3786,2023-10-20,Bank Transfer,Failed
PAY31940,P14930,2721,2020-07-20,Credit,Success
PAY31941,P14571,4559,2023-03-14,Bank Transfer,Success
PAY31942,P16713,1730,2022-02-20,Bank Transfer,Failed
PAY31943,P17188,1320,2021-11-14,Bank Transfer,Success
PAY31944,P16192,627,2021-05-04,Bank Transfer,Failed
PAY31945,P16699,3132,2023-06-10,Credit,Success
PAY31946,P17990,658,2025-04-07,Credit,Failed
PAY31947,P16875,3831,2020-11-24,Debit,Failed
PAY31948,P16173,2616,2022-04-20,Debit,Failed
PAY31949,P12917,2872,2020-10-09,Credit,Failed
PAY31950,P17495,1125,2021-10-22,Bank Transfer,Success
PAY31951,P17513,4823,2023-02-14,Credit,Failed
PAY31952,P12027,1020,2024-11-30,Credit,Success
PAY31953,P12961,2161,2022-11-17,Bank Transfer,Failed
PAY31954,P14131,3077,2022-09-01,Debit,Success
PAY31955,P14331,752,2020-10-18,Credit,Success
PAY31956,P15463,2044,2020-11-23,Credit,Success
PAY31957,P13643,4723,2024-04-18,Debit,Failed
PAY31958,P10010,2423,2023-07-09,Debit,Success
PAY31959,P14719,4654,2020-11-09,Credit,Failed
PAY31960,P12886,1382,2024-11-01,Credit,Failed
PAY31961,P14097,336,2023-06-28,Credit,Success
PAY31962,P13008,2880,2021-06-13,Credit,Failed
PAY31963,P13446,1373,2021-02-27,Debit,Failed
PAY31964,P16759,3588,2021-03-13,Debit,Success
PAY31965,P15395,3963,2023-10-09,Bank Transfer,Failed
PAY31966,P10113,1290,2023-01-22,Credit,Success
PAY31967,P14343,3823,2022-07-29,Debit,Success
PAY31968,P15381,783,2025-05-21,Credit,Success
PAY31969,P15363,2966,2022-12-01,Credit,Success
PAY31970,P13624,4221,2022-03-26,Credit,Success
PAY31971,P10931,564,2021-03-21,Bank Transfer,Success
PAY31972,P11325,3099,2025-06-07,Credit,Failed
PAY31973,P14413,558,2025-04-09,Credit,Failed
PAY31974,P17189,4483,2022-06-27,Credit,Failed
PAY31975,P12398,311,2024-07-29,Bank Transfer,Success
PAY31976,P12421,1516,2021-10-31,Bank Transfer,Success
PAY31977,P14586,4540,2021-07-14,Credit,Success
PAY31978,P10510,3874,2022-04-13,Debit,Failed
PAY31979,P11722,3324,2021-02-01,Debit,Failed
PAY31980,P14131,1627,2020-12-15,Bank Transfer,Success
PAY31981,P14933,3416,2022-11-05,Debit,Failed
PAY31982,P14489,1948,2023-08-08,Debit,Failed
PAY31983,P15594,2296,2020-10-23,Credit,Success
PAY31984,P17346,4696,2024-06-08,Debit,Failed
PAY31985,P14416,964,2020-07-06,Bank Transfer,Success
PAY31986,P17615,3181,2021-11-01,Bank Transfer,Success
PAY31987,P11011,3544,2022-05-02,Debit,Success
PAY31988,P12139,1195,2025-01-30,Debit,Success
PAY31989,P16869,1850,2024-08-29,Credit,Failed
PAY31990,P12583,1468,2021-04-09,Bank Transfer,Failed
PAY31991,P13931,1442,2023-02-22,Bank Transfer,Failed
PAY31992,P15497,2120,2025-01-18,Bank Transfer,Success
PAY31993,P17813,1323,2024-06-07,Debit,Success
PAY31994,P16162,3924,2022-02-20,Credit,Failed
PAY31995,P14376,2041,2024-02-08,Credit,Failed
PAY31996,P16561,2333,2021-04-12,Debit,Success
PAY31997,P12453,1535,2022-02-06,Credit,Success
PAY31998,P15947,4207,2021-09-08,Debit,Success
PAY31999,P12925,1275,2024-04-21,Bank Transfer,Failed
PAY32000,P17039,2810,2023-02-23,Bank Transfer,Success
